<?xml version="1.0" encoding="utf-8"?>
<photos>
	<photo>
		<thumbnail>s_flashmo_175_01.jpg</thumbnail>
		<filename>flashmo_175_01.jpg</filename>
		<title>Gallery One - Photo 01 title goes here</title>
		<description>
		This is a free flash xml photo gallery provided by www.flashmo.com website. Lorem ipsum dolor sit amet, consectetuer adipiscing elit. Donec mollis aliquet ligula.
		</description>
	</photo>
	<photo>
		<thumbnail>s_flashmo_175_02.jpg</thumbnail>
		<filename>flashmo_175_02.jpg</filename>
		<title>Gallery One - Photo 02 title goes here</title>
		<description>
		Ut vitae felis eu lectus ultrices varius. Aliquam lacus turpis, dapibus eget, tincidunt eu, lobortis et, magna. Integer pellentesque dignissim diam.
		</description>
	</photo>
	<photo>
		<thumbnail>s_flashmo_175_03.jpg</thumbnail>
		<filename>flashmo_175_03.jpg</filename>
		<title>Gallery One - Photo 03 title goes here</title>
		<description>
		Phasellus ultrices justo non nibh. Sed a eros. Phasellus cursus lobortis arcu. Donec scelerisque. Integer ultrices. Donec hendrerit.
		</description>
	</photo>
	<photo>
		<thumbnail>s_flashmo_175_04.jpg</thumbnail>
		<filename>flashmo_175_04.jpg</filename>
		<title>Gallery One - Photo 04 title goes here</title>
		<description>
		Cras ac odio ac mi imperdiet sollicitudin. In hac habitasse platea dictumst. Curabitur euismod scelerisque lacus. Cras pretium sem sed odio.
		</description>
	</photo>
	<photo>
		<thumbnail>s_flashmo_175_05.jpg</thumbnail>
		<filename>flashmo_175_05.jpg</filename>
		<title>Gallery One - Photo 05 title goes here</title>
		<description>
		Phasellus id purus. Donec mattis egestas sem. Sed pretium, neque hendrerit rhoncus accumsan, nibh tellus pharetra neque, quis rutrum elit justo vitae sapien.
		</description>
	</photo>
	
	<photo>
		<thumbnail>s_flashmo_175_06.jpg</thumbnail>
		<filename>flashmo_175_06.jpg</filename>
		<title>Gallery One - Photo 06 title goes here</title>
		<description>
		Lorem ipsum dolor sit amet, consectetuer adipiscing elit. Donec mollis aliquet ligula. Phasellus id purus.
		</description>
	</photo>
	<photo>
		<thumbnail>s_flashmo_175_07.jpg</thumbnail>
		<filename>flashmo_175_07.jpg</filename>
		<title>Gallery One - Photo 07 title goes here</title>
		<description>
		Ut vitae felis eu lectus ultrices varius. Aliquam lacus turpis, dapibus eget, tincidunt eu, lobortis et, magna. Integer pellentesque dignissim diam.
		</description>
	</photo>
	<photo>
		<thumbnail>s_flashmo_175_08.jpg</thumbnail>
		<filename>flashmo_175_08.jpg</filename>
		<title>Gallery One - Photo 08 title goes here</title>
		<description>
		Phasellus ultrices justo non nibh. Sed a eros. Phasellus cursus lobortis arcu. Donec scelerisque. Integer ultrices. Donec hendrerit.
		</description>
	</photo>
	<photo>
		<thumbnail>s_flashmo_175_09.jpg</thumbnail>
		<filename>flashmo_175_09.jpg</filename>
		<title>Gallery One - Photo 09 title goes here</title>
		<description>
		Cras ac odio ac mi imperdiet sollicitudin. In hac habitasse platea dictumst. Curabitur euismod scelerisque lacus. Cras pretium sem sed odio.
		</description>
	</photo>
	<photo>
		<thumbnail>s_flashmo_175_10.jpg</thumbnail>
		<filename>flashmo_175_10.jpg</filename>
		<title>Gallery One - Photo 10 title goes here</title>
		<description>
		Donec mattis egestas sem. Sed pretium, neque hendrerit rhoncus accumsan, nibh tellus pharetra neque, quis rutrum elit justo vitae sapien.
		</description>
	</photo>
	
	<photo>
		<thumbnail>s_flashmo_175_02.jpg</thumbnail>
		<filename>flashmo_175_02.jpg</filename>
		<title>Gallery One - Photo 11 title goes here</title>
		<description>
		Sed pretium, neque hendrerit rhoncus accumsan, nibh tellus pharetra neque, quis rutrum elit justo vitae sapien.
		</description>
	</photo>
	<photo>
		<thumbnail>s_flashmo_175_04.jpg</thumbnail>
		<filename>flashmo_175_04.jpg</filename>
		<title>Gallery One - Photo 12 title goes here</title>
		<description>
		Lorem ipsum dolor sit amet, consectetuer adipiscing elit. Donec mollis aliquet ligula. Phasellus id purus. Donec mattis egestas sem.
		</description>
	</photo>
	<photo>
		<thumbnail>s_flashmo_175_06.jpg</thumbnail>
		<filename>flashmo_175_06.jpg</filename>
		<title>Gallery One - Photo 13 title goes here</title>
		<description>
		Ut vitae felis eu lectus ultrices varius. Aliquam lacus turpis, dapibus eget, tincidunt eu, lobortis et, magna. Integer pellentesque dignissim diam.
		</description>
	</photo>
	<photo>
		<thumbnail>s_flashmo_175_08.jpg</thumbnail>
		<filename>flashmo_175_08.jpg</filename>
		<title>Gallery One - Photo 14 title goes here</title>
		<description>
		Phasellus ultrices justo non nibh. Sed a eros. Phasellus cursus lobortis arcu. Donec scelerisque. Integer ultrices. Donec hendrerit.
		</description>
	</photo>
	<photo>
		<thumbnail>s_flashmo_175_10.jpg</thumbnail>
		<filename>flashmo_175_10.jpg</filename>
		<title>Gallery One - Photo 15 title goes here</title>
		<description>
		Cras ac odio ac mi imperdiet sollicitudin. In hac habitasse platea dictumst. Curabitur euismod scelerisque lacus. Cras pretium sem sed odio.
		</description>
	</photo>
	
	<photo>
		<thumbnail>s_flashmo_175_01.jpg</thumbnail>
		<filename>flashmo_175_01.jpg</filename>
		<title>Gallery One - Photo 16 title goes here</title>
		<description>
		Phasellus id purus. Donec mattis egestas sem. Sed pretium, neque hendrerit rhoncus accumsan, nibh tellus pharetra neque, quis rutrum elit justo vitae sapien.
		</description>
	</photo>
	<photo>
		<thumbnail>s_flashmo_175_03.jpg</thumbnail>
		<filename>flashmo_175_03.jpg</filename>
		<title>Gallery One - Photo 17 title goes here</title>
		<description>
		Lorem ipsum dolor sit amet, consectetuer adipiscing elit. This is a free flash xml photo gallery provided by www.flashmo.com website.
		</description>
	</photo>
	<photo>
		<thumbnail>s_flashmo_175_05.jpg</thumbnail>
		<filename>flashmo_175_05.jpg</filename>
		<title>Gallery One - Photo 18 title goes here</title>
		<description>
		Ut vitae felis eu lectus ultrices varius. Aliquam lacus turpis, dapibus eget, tincidunt eu, lobortis et, magna. Integer pellentesque dignissim diam.
		</description>
	</photo>
	<photo>
		<thumbnail>s_flashmo_175_07.jpg</thumbnail>
		<filename>flashmo_175_07.jpg</filename>
		<title>Gallery One - Photo 19 title goes here</title>
		<description>
		Phasellus ultrices justo non nibh. Sed a eros. Phasellus cursus lobortis arcu. Donec scelerisque. Integer ultrices. Donec hendrerit.
		</description>
	</photo>
	<photo>
		<thumbnail>s_flashmo_175_09.jpg</thumbnail>
		<filename>flashmo_175_09.jpg</filename>
		<title>Gallery One - Photo 20 title goes here</title>
		<description>
		Cras ac odio ac mi imperdiet sollicitudin. In hac habitasse platea dictumst. Curabitur euismod scelerisque lacus. Cras pretium sem sed odio.
		</description>
	</photo>
</photos>