<?xml version="1.0" encoding="utf-8"?>
<photos>
	
	<config
		folder="photos/"

		thumbnail_black_white="true"
		thumbnail_alpha="1"
		thumbnail_x_spacing="10"
		thumbnail_y_spacing="10"
		max_thumbnail_width="100"
		max_thumbnail_height="100"
		thumbnail_border_size="5"
		thumbnail_border_color="#FFFF99"
		no_of_rows="4"
		no_of_columns="5"
		
		photo_border_size="10"
		photo_border_color="#FFFFFF"
		close_button="true"
		previous_button="true"
		next_button="true"
		
		description="true"
		description_bg_color="#000000"
		description_bg_alpha="0.5"
		css_file="flashmo_210_style.css"
		
		tween_effect="easeInOutSine"
		tween_duration="0.6"
		tween_delay="0.04">
	</config>
	
	<photo>
		<thumbnail>s_photo_201.jpg</thumbnail>
		<filename>photo_201.jpg</filename>
		<description><![CDATA[<p class="subtitle">Image Title 01 goes here</p><p><a href="http://www.flashmo.com/page/1" target="_parent">Lorem ipsum dolor sit amet</a>, consectetur adipiscing elit. <span class="highlight">Quisque at ante sit amet</span> erat laoreet <u>fermentum</u>. Nam scelerisque cursus dolor. Duis nulla diam, posuere ac, varius id, ullamcorper sit amet, libero. <span class="note">This text is dynamically loaded from the external XML file. This textfield supports HTML and CSS.</span></p>]]></description>
	</photo>
	
	<photo>
		<thumbnail>s_photo_202.jpg</thumbnail>
		<filename>photo_202.jpg</filename>
		<description><![CDATA[<p class="subtitle">Image Title 02 goes here</p><p>Donec id semper sem. <a href="http://www.flashmo.com/donate" target="_blank">Fusce sollicitudin</a> viverra tristique. Phasellus auctor, ipsum eu semper cursus, magna odio ullamcorper eros, eget sodales lacus purus quis ipsum. Integer quis lacinia diam.</p>]]></description>
	</photo>
	
	<photo>
		<thumbnail>s_photo_203.jpg</thumbnail>
		<filename>photo_203.jpg</filename>
		<description><![CDATA[<p class="subtitle">Image Title 03 goes here</p><p>In velit urna, <u>convallis id</u>, pharetra in, iaculis sit amet, mi. Praesent consectetur imperdiet mauris. Suspendisse at pede vel lorem pulvinar laoreet. Etiam et neque. Donec dapibus viverra est.</p><p><span class="note">This text is dynamically loaded from the external XML file. This textfield supports HTML and CSS.</span></p>]]></description>
	</photo>
	
	<photo>
		<thumbnail>s_photo_204.jpg</thumbnail>
		<filename>photo_204.jpg</filename>
		<description><![CDATA[<p class="subtitle">Image Title 04 goes here</p><p><a href="http://www.flashmo.com/page/1" target="_blank">Mauris vestibulum felis</a> eget tortor. Praesent mattis varius quam. Sed in mi metus, eget euismod dui. Mauris et elit quis mauris aliquet luctus. Etiam nec congue nunc. Vestibulum ullamcorper ipsum nec augue. <br /><span class="note">Nunc commodo, magna pharetra semper vehicula, dui ligula feugiat elit, et euismod nunc orci ut libero.</span></p>]]></description>
	</photo>
	
	<photo>
		<thumbnail>s_photo_205.jpg</thumbnail>
		<filename>photo_205.jpg</filename>
		<description><![CDATA[<p class="subtitle">Image Title 05 goes here</p><p>Nunc aliquam, dolor vitae sollicitudin lacinia, nibh orci sagittis diam, dignissim sodales dui erat nec eros. Fusce quis enim. <a href="http://www.flashmo.com" target="_parent">Aenean eleifend</a>, neque hendrerit elementum sodales, sed tempor vitae tellus.</p>]]></description>
	</photo>
	
	<photo>
		<thumbnail>s_photo_206.jpg</thumbnail>
		<filename>photo_206.jpg</filename>
		<description><![CDATA[<p class="subtitle">Image Title 06 goes here</p><p>Praesent consectetur imperdiet mauris. <a href="http://www.flashmo.com" target="_parent">Suspendisse at pede vel</a> lorem pulvinar laoreet. Integer dolor mauris, interdum id ultrices non, imperdiet ac magna. Sed vestibulum faucibus lorem ac volutpat. <span class="highlight">Nunc commodo, magna pharetra semper vehicula, dui ligula feugiat elit, et euismod nunc orci ut libero.</span></p>]]></description>
	</photo>

	<photo>
		<thumbnail>s_photo_207.jpg</thumbnail>
		<filename>photo_207.jpg</filename>
		<description><![CDATA[<p class="subtitle">Image Title 07 goes here</p><p>Lorem ipsum dolor sit amet, consectetur adipiscing elit. <span class="highlight">Quisque at ante sit amet</span> erat laoreet <u>fermentum</u>. Quisque nec nisl. <a href="http://www.flashmo.com/donate" target="_parent">Integer vel sapien quis</a> risus egestas suscipit. Aliquam at sagittis sapien.</p>]]></description>
	</photo>
	
	<photo>
		<thumbnail>s_photo_208.jpg</thumbnail>
		<filename>photo_208.jpg</filename>
		<description><![CDATA[<p class="subtitle">Image Title 08 goes here</p><p><span class="highlight">Quisque at ante sit amet</span> erat laoreet <u>fermentum</u>. Quisque nec nisl. <a href="http://www.flashmo.com/page/1" target="_blank">Nam scelerisque cursus dolor</a>. Integer vel sapien quis risus egestas suscipit. Nam lorem tortor, viverra gravida, egestas id, pellentesque in, mi. Praesent consectetur imperdiet mauris.</p>]]></description>
	</photo>
	
	<photo>
		<thumbnail>s_photo_209.jpg</thumbnail>
		<filename>photo_209.jpg</filename>
		<description><![CDATA[<p class="subtitle">Image Title 09 goes here</p><p><a href="http://www.flashmo.com/donate" target="_parent">Lorem ipsum dolor sit amet</a>, consectetur adipiscing elit. <span class="highlight">Quisque at ante sit amet</span> erat laoreet <u>fermentum</u>. Quisque nec nisl. Nam scelerisque cursus dolor. Duis nulla diam, posuere ac, varius id, ullamcorper sit amet, libero.</p><p><span class="note">This text is dynamically loaded from the external XML file. This textfield supports HTML and CSS.</span></p>]]></description>
	</photo>
	
	<photo>
		<thumbnail>s_photo_210.jpg</thumbnail>
		<filename>photo_210.jpg</filename>
		<description><![CDATA[<p class="subtitle">Image Title 10 goes here</p><p><a href="http://www.flashmo.com/page/1" target="_blank">Fusce quis diam sit</a> amet tortor luctus pellentesque. Donec accumsan urna non elit tristique mattis. <b>Vivamus fermentum</b> orci viverra nisl. In nec magna id ipsum aliquam dictum. Quisque nec nisl.</p>]]></description>
	</photo>
	
	<photo>
		<thumbnail>s_photo_211.jpg</thumbnail>
		<filename>photo_211.jpg</filename>
		<description><![CDATA[<p class="subtitle">Image Title 11 goes here</p><p>In velit urna, <u>convallis id</u>, pharetra in, iaculis sit amet, mi. Praesent consectetur imperdiet mauris. Suspendisse at pede vel lorem pulvinar laoreet. Etiam et neque. Donec dapibus viverra est.</p><p><span class="note">This text is dynamically loaded from the external XML file. This textfield supports HTML and CSS.</span></p>]]></description>
	</photo>
	
	<photo>
		<thumbnail>s_photo_212.jpg</thumbnail>
		<filename>photo_212.jpg</filename>
		<description><![CDATA[<p class="subtitle">Image Title 12 goes here</p><p>Mauris vestibulum felis eget tortor. <a href="http://www.flashmo.com/page/1" target="_blank">Praesent mattis</a> varius quam. Vestibulum ullamcorper ipsum nec augue. Vestibulum auctor odio eget ante. Nunc commodo, magna pharetra semper vehicula, dui ligula feugiat elit, et euismod nunc orci ut libero.</p>]]></description>
	</photo>
	
	<photo>
		<thumbnail>s_photo_213.jpg</thumbnail>
		<filename>photo_213.jpg</filename>
		<description><![CDATA[<p class="subtitle">Image Title 13 goes here</p><p>Sed enim dui, <a href="http://www.flashmo.com" target="_parent">interdum vitae cursus vitae</a>, laoreet non magna. Pellentesque habitant morbi tristique senectus et netus et malesuada fames ac turpis egestas. In nec tellus sed purus ornare faucibus. Duis risus erat, vulputate id placerat quis, ullamcorper vitae libero. <br /><span class="note">Image generated by <a href="http://carvisualizer.plus360degrees.com" target="_blank">Car Visualizer (+360 degrees)</a></span></p>]]></description>
	</photo>
	
	<photo>
		<thumbnail>s_photo_214.jpg</thumbnail>
		<filename>photo_214.jpg</filename>
		<description><![CDATA[<p class="subtitle">Image Title 14 goes here</p><p>Praesent bibendum nulla sit amet turpis vehicula fringilla. <a href="http://www.flashmo.com" target="_parent">Duis rhoncus mollis magna</a>, vel pellentesque magna facilisis et. Donec consequat malesuada sollicitudin. <br /><span class="note">Image generated by <a href="http://carvisualizer.plus360degrees.com" target="_blank">Car Visualizer (+360 degrees)</a></span></p>]]></description>
	</photo>
	
	<photo>
		<thumbnail>s_photo_215.jpg</thumbnail>
		<filename>photo_215.jpg</filename>
		<description><![CDATA[<p class="subtitle">Image Title 15 goes here</p><p>In velit urna, <u>convallis id</u>, pharetra in, iaculis sit amet, mi. Praesent consectetur imperdiet mauris. Suspendisse at pede vel lorem pulvinar laoreet. <br /><span class="note">Image generated by <a href="http://carvisualizer.plus360degrees.com" target="_blank">Car Visualizer (+360 degrees)</a></span></p>]]></description>
	</photo>
	
	<photo>
		<thumbnail>s_photo_216.jpg</thumbnail>
		<filename>photo_216.jpg</filename>
		<description><![CDATA[<p class="subtitle">Image Title 16 goes here</p><p><a href="http://www.flashmo.com/page/1" target="_blank">Praesent augue sem</a>, sagittis a tristique laoreet, volutpat sed tellus. Duis vitae lacus vel justo consequat tempor ac sit amet ipsum. Proin ut ipsum dolor. Vestibulum nisi erat, dapibus nec aliquam et, tincidunt ut libero. Cras at tortor orci. <br /><span class="note">Image generated by <a href="http://carvisualizer.plus360degrees.com" target="_blank">Car Visualizer (+360 degrees)</a></span></p>]]></description>
	</photo>
	
	<photo>
		<thumbnail>s_photo_217.jpg</thumbnail>
		<filename>photo_217.jpg</filename>
		<description><![CDATA[<p class="subtitle">Image Title 17 goes here</p><p>Suspendisse neque orci, cursus eget accumsan suscipit, elementum convallis nulla. Ut vulputate, urna eu porta tincidunt, libero dui tempus arcu, eget placerat lectus eros et nulla. Integer dolor mauris, interdum id ultrices non, imperdiet ac magna. <br /><span class="note">Image generated by <a href="http://carvisualizer.plus360degrees.com" target="_blank">Car Visualizer (+360 degrees)</a></span></p>]]></description>
	</photo>
	
	<photo>
		<thumbnail>s_photo_218.jpg</thumbnail>
		<filename>photo_218.jpg</filename>
		<description><![CDATA[<p class="subtitle">Image Title 18 goes here</p><p>Vestibulum felis risus, interdum eget adipiscing sit amet, vulputate quis tellus. <a href="http://www.flashmo.com" target="_parent">Etiam interdum</a>, tortor quis mollis pellentesque, arcu sapien pulvinar lacus. <span class="note">Image generated by <a href="http://carvisualizer.plus360degrees.com" target="_blank">Car Visualizer (+360 degrees)</a></span></p>]]></description>
	</photo>
	
	<photo>
		<thumbnail>s_photo_219.jpg</thumbnail>
		<filename>photo_219.jpg</filename>
		<description><![CDATA[<p class="subtitle">Image Title 19 goes here</p><p>Aliquam feugiat iaculis tempus. Fusce venenatis enim interdum velit tincidunt sit amet pretium quam dignissim. <a href="http://www.flashmo.com/page/1" target="_blank">Praesent sed urna felis</a>, convallis consequat est. Nunc congue felis a mauris rutrum ac vulputate lectus pharetra. <br /><span class="note">Image generated by <a href="http://carvisualizer.plus360degrees.com" target="_blank">Car Visualizer (+360 degrees)</a></span></p>]]></description>
	</photo>
	
	<photo>
		<thumbnail>s_photo_220.jpg</thumbnail>
		<filename>photo_220.jpg</filename>
		<description><![CDATA[<p class="subtitle">Image Title 20 goes here</p><p>Quisque posuere nibh porta risus dignissim vitae pulvinar urna posuere. Curabitur et neque nisl, non sodales quam. Curabitur pretium magna eget justo iaculis ut aliquet elit tincidunt. Pellentesque habitant morbi tristique senectus et netus. <br /><span class="note">Image generated by <a href="http://carvisualizer.plus360degrees.com" target="_blank">Car Visualizer (+360 degrees)</a></span></p>]]></description>
	</photo>
	
	<photo>
		<thumbnail>s_photo_221.jpg</thumbnail>
		<filename>photo_221.jpg</filename>
		<description><![CDATA[<p class="subtitle">Image Title 21 goes here</p><p>Cras vel ante quis purus rhoncus iaculis. <a href="http://www.flashmo.com" target="_blank">Morbi dolor lorem</a>, feugiat et fringilla pretium, placerat pulvinar lectus. Nunc non lorem non nulla scelerisque ullamcorper sit amet a velit. Fusce leo erat, dignissim sed pulvinar sit amet, sollicitudin id tortor. <br /><span class="note">Image generated by <a href="http://carvisualizer.plus360degrees.com" target="_blank">Car Visualizer (+360 degrees)</a></span></p>]]></description>
	</photo>
	
	<photo>
		<thumbnail>s_photo_222.jpg</thumbnail>
		<filename>photo_222.jpg</filename>
		<description><![CDATA[<p class="subtitle">Image Title 22 goes here</p><p>In hac habitasse platea dictumst. Vivamus pretium accumsan sagittis. Nullam lacinia, arcu sodales lobortis adipiscing, velit eros consectetur massa, non rutrum metus felis in est. <br /><span class="note">Image generated by <a href="http://carvisualizer.plus360degrees.com" target="_blank">Car Visualizer (+360 degrees)</a></span></p>]]></description>
	</photo>
	
	<photo>
		<thumbnail>s_photo_223.jpg</thumbnail>
		<filename>photo_223.jpg</filename>
		<description><![CDATA[<p class="subtitle">Image Title 23 goes here</p><p>Nunc tincidunt magna ac ligula accumsan sodales. Nunc sit amet dui lorem. <a href="http://www.flashmo.com/page/1" target="_blank">Integer</a> nec est id nibh ultrices cursus et varius augue. Proin ultrices orci eget dui mattis fermentum. Nulla facilisi. Curabitur at quam eget nisi sagittis congue et vitae purus. <br /><span class="note">Image generated by <a href="http://carvisualizer.plus360degrees.com" target="_blank">Car Visualizer (+360 degrees)</a></span></p>]]></description>
	</photo>
	
	<photo>
		<thumbnail>s_photo_224.jpg</thumbnail>
		<filename>photo_224.jpg</filename>
		<description><![CDATA[<p class="subtitle">Image Title 24 goes here</p><p>Etiam adipiscing pellentesque nibh in tristique. Vestibulum lacinia velit id mauris volutpat semper. Proin varius urna id lacus semper eleifend. Etiam laoreet ultrices elit rhoncus malesuada. Fusce non nisl urna, eget consectetur sem. <br /><span class="note">Image generated by <a href="http://carvisualizer.plus360degrees.com" target="_blank">Car Visualizer (+360 degrees)</a></span></p>]]></description>
	</photo>
	
	<photo>
		<thumbnail>s_photo_225.jpg</thumbnail>
		<filename>photo_225.jpg</filename>
		<description><![CDATA[<p class="subtitle">Image Title 25 goes here</p><p><a href="http://www.flashmo.com" target="_parent">Free Flash Templates</a> - Nulla at turpis sem. Suspendisse arcu est, pellentesque id laoreet in, commodo et ipsum. Phasellus lobortis vulputate felis, at bibendum tellus porttitor sit amet.</p>]]></description>
	</photo>
	
	<photo>
		<thumbnail>s_photo_226.jpg</thumbnail>
		<filename>photo_226.jpg</filename>
		<description><![CDATA[<p class="subtitle">Image Title 26 goes here</p><p>Duis varius, ante et vulputate mattis, tortor neque luctus magna, non malesuada risus sapien eget ligula. Maecenas nec purus lacus. Donec cursus, nisi in tempor placerat, sem ipsum aliquet libero, nec sollicitudin est risus non libero.</p>]]></description>
	</photo>
	
	<photo>
		<thumbnail>s_photo_227.jpg</thumbnail>
		<filename>photo_227.jpg</filename>
		<description><![CDATA[<p class="subtitle">Image Title 27 goes here</p><p><a href="http://www.flashmo.com" target="_parent">XML Flash Websites</a> - Vivamus vestibulum nibh in enim laoreet in ornare purus tempor. Aliquam erat volutpat. Vivamus vel dapibus magna. Lorem ipsum dolor sit amet, consectetur adipiscing elit. In dignissim aliquam ornare. Donec turpis odio, condimentum id euismod in, convallis eget felis.</p>]]></description>
	</photo>
	
	<photo>
		<thumbnail>s_photo_228.jpg</thumbnail>
		<filename>photo_228.jpg</filename>
		<description><![CDATA[<p class="subtitle">Image Title 28 goes here</p><p>Praesent pulvinar vehicula mattis. Quisque mattis, elit ut tempor consequat, orci orci blandit est, vestibulum interdum odio arcu vitae ante. <a href="http://www.flashmo.com" target="_parent">Flash Templates</a></p>]]></description>
	</photo>
	
	<photo>
		<thumbnail>s_photo_229.jpg</thumbnail>
		<filename>photo_229.jpg</filename>
		<description><![CDATA[<p class="subtitle">Image Title 29 goes here</p><p>Class aptent taciti sociosqu ad litora torquent per conubia nostra, per inceptos himenaeos. Vivamus porttitor tellus quis lacus aliquet auctor vitae id turpis. Mauris nec nisi sem. Etiam metus lacus, dictum vitae viverra id, egestas eu ipsum. Aenean libero ante, lobortis sed rhoncus sit amet, rutrum eu metus.</p>]]></description>
	</photo>
	
	<photo>
		<thumbnail>s_photo_230.jpg</thumbnail>
		<filename>photo_230.jpg</filename>
		<description><![CDATA[<p class="subtitle">Image Title 30 goes here</p><p>Cras tortor turpis, pharetra non dapibus eget, congue vel ante. Donec vitae erat et lectus molestie suscipit. Sed blandit cursus ipsum at lacinia. Duis id sapien diam, eget consectetur leo. Mauris aliquam, turpis eu tempor tincidunt, ligula justo imperdiet sapien, id rutrum orci quam tristique ligula. <a href="http://www.flashmo.com" target="_parent">Free Flash Gallery</a></p>]]></description>
	</photo>
	
	<photo>
		<thumbnail>s_photo_231.jpg</thumbnail>
		<filename>photo_231.jpg</filename>
		<description><![CDATA[<p class="subtitle">Image Title 31 goes here</p><p>Sed ultricies commodo odio sit amet vulputate. Nullam augue tellus, molestie a mollis in, aliquet vel odio. Quisque hendrerit molestie purus, non aliquet nunc interdum fermentum. <a href="http://www.flashmo.com/page/1" target="_parent">Free Flash Templates</a></p>]]></description>
	</photo>
	
	<photo>
		<thumbnail>s_photo_232.jpg</thumbnail>
		<filename>photo_232.jpg</filename>
		<description><![CDATA[<p class="subtitle">Image Title 32 goes here</p><p>Vivamus porttitor tellus quis lacus aliquet auctor vitae id turpis. <a href="http://www.flashmo.com" target="_parent">Free Flash Gallery</a> - Mauris nec nisi sem. Etiam metus lacus, dictum vitae viverra id, egestas eu ipsum. Aenean libero ante, lobortis sed rhoncus sit amet, rutrum eu metus. Cras tortor turpis, pharetra non dapibus eget, congue vel ante.</p>]]></description>
	</photo>
	
	<photo>
		<thumbnail>s_photo_233.jpg</thumbnail>
		<filename>photo_233.jpg</filename>
		<description><![CDATA[<p class="subtitle">Image Title 33 goes here</p><p>Proin facilisis dolor nunc. <a href="http://www.flashmo.com" target="_parent">Free Flash Websites</a> - Pellentesque sollicitudin dui quis lacus aliquam consectetur posuere sem hendrerit. Cras auctor, felis gravida rhoncus ultricies, nunc mi varius dui, porta bibendum elit leo nec tellus. In dui magna, pretium tincidunt tincidunt nec, mattis sed leo.</p>]]></description>
	</photo>
	
	<photo>
		<thumbnail>s_photo_234.jpg</thumbnail>
		<filename>photo_234.jpg</filename>
		<description><![CDATA[<p class="subtitle">Image Title 34 goes here</p><p><a href="http://www.flashmo.com" target="_parent">XML Flash Websites</a> - Vestibulum eleifend auctor sodales. Duis pulvinar turpis eget tellus pellentesque fringilla condimentum quis nunc. Nullam tortor velit, tincidunt vel interdum a, egestas vel arcu.</p>]]></description>
	</photo>
	
	<photo>
		<thumbnail>s_photo_235.jpg</thumbnail>
		<filename>photo_235.jpg</filename>
		<description><![CDATA[<p class="subtitle">Image Title 35 goes here</p><p>Phasellus cursus, velit id ornare interdum, nulla erat bibendum nibh, a fermentum nisi augue porttitor velit. Phasellus at augue purus. Vivamus mattis, velit quis vestibulum sollicitudin, felis dui cursus magna, ac interdum est quam quis arcu. Lorem ipsum dolor sit amet, consectetur adipiscing elit. <a href="http://www.flashmo.com" target="_parent">XML Image Gallery</a></p>]]></description>
	</photo>
	
	<photo>
		<thumbnail>s_photo_236.jpg</thumbnail>
		<filename>photo_236.jpg</filename>
		<description><![CDATA[<p class="subtitle">Image Title 36 goes here</p><p>Lorem ipsum dolor sit amet, consectetur adipiscing elit. Nam erat lorem, scelerisque in mattis vitae, pretium et mi. Sed eget nibh est, et varius nisl. Sed sem risus, imperdiet id consectetur congue, fringilla in urna.</p>]]></description>
	</photo>

</photos>