<?xml version="1.0" encoding="utf-8"?>
<photos>
	
	<config 
		show_tooltip="true"
		follow_mouse="false"
		drag_vertical="true"
		scroll_speed="10"
		fullscreen_button="true"
		folder="photos/"
		css_file="flashmo_210_style.css"
		tween_duration="0.4"
		grid_auto_align="true"
		grid_row="6"
		grid_column="4"
		horizontal_spacing="20"
		vertical_spacing="20"
		thumbnail_max_width="100"
		thumbnail_max_height="100"
		thumbnail_border_size="5"
		thumbnail_border_color="0xFFFFFF"
		photo_border_size="10"
		photo_border_color="0xFFFFFF">
	</config>
	
	<photo>
		<thumbnail>s_photo_001.jpg</thumbnail>
		<filename>photo_001.jpg</filename>
		<tooltip>Quisque at ante sit</tooltip>
		<description><![CDATA[<p class="subtitle">Quisque at ante sit amet</p><p><a href="http://www.flashmo.com" target="_parent">Lorem ipsum dolor sit amet</a>, consectetur adipiscing elit. <span class="highlight">Quisque at ante sit amet</span> erat laoreet <u>fermentum</u>. Quisque nec nisl. Nam scelerisque cursus dolor. Duis nulla diam, posuere ac, varius id, ullamcorper sit amet, libero.</p><p><span class="note">This text is dynamically loaded from the external XML file. This textfield supports HTML and CSS.</span></p>]]></description>
	</photo>
	
	<photo>
		<thumbnail>s_photo_002.jpg</thumbnail>
		<filename>photo_002.jpg</filename>
		<tooltip>Donec mattis egestas</tooltip>
		<description><![CDATA[<p class="subtitle">Donec mattis egestas sem</p><p><a href="http://www.flashmo.com/donate" target="_blank">Fusce quis diam sit</a> amet tortor luctus pellentesque. Donec accumsan urna non elit tristique mattis. <b>Vivamus fermentum</b> orci viverra nisl. In nec magna id ipsum aliquam dictum. Quisque nec nisl.</p>]]></description>
	</photo>
	
	<photo>
		<thumbnail>s_photo_003.jpg</thumbnail>
		<filename>photo_003.jpg</filename>
		<tooltip>Mauris congue felis</tooltip>
		<description><![CDATA[<p class="subtitle">Mauris congue felis at nisi</p><p>In velit urna, <u>convallis id</u>, pharetra in, iaculis sit amet, mi. Praesent consectetur imperdiet mauris. Suspendisse at pede vel lorem pulvinar laoreet. Etiam et neque. Donec dapibus viverra est.</p><p><span class="note">This text is dynamically loaded from the external XML file. This textfield supports HTML and CSS.</span></p>]]></description>
	</photo>
	
	<photo>
		<thumbnail>s_photo_004.jpg</thumbnail>
		<filename>photo_004.jpg</filename>
		<tooltip>Nulla et nunc commodo</tooltip>
		<description><![CDATA[<p class="subtitle">Nulla et nunc commodo ante</p><p><a href="http://www.flashmo.com/donate" target="_blank">Mauris vestibulum felis</a> eget tortor. Praesent mattis varius quam. Vestibulum ullamcorper ipsum nec augue. Vestibulum auctor odio eget ante. Nunc commodo, magna pharetra semper vehicula, dui ligula feugiat elit, et euismod nunc orci ut libero. Etiam sodales massa vel metus. <span class="note">Mauris et elit quis mauris aliquet luctus.</span></p>]]></description>
	</photo>
	
	<photo>
		<thumbnail>s_photo_005.jpg</thumbnail>
		<filename>photo_005.jpg</filename>
		<tooltip>Lorem ipsum dolor</tooltip>
		<description><![CDATA[<p class="subtitle">Lorem ipsum dolor sit amet</p><p>Nunc aliquam, dolor vitae sollicitudin lacinia, nibh orci sagittis diam, dignissim sodales dui erat nec eros. Fusce quis enim. <a href="http://www.flashmo.com" target="_parent">Aenean eleifend</a>, neque hendrerit elementum sodales, , sed tempor vitae tellus.</p>]]></description>
	</photo>

	<photo>
		<thumbnail>s_photo_006.jpg</thumbnail>
		<filename>photo_006.jpg</filename>
		<tooltip>Aliquam pretium porta</tooltip>
		<description><![CDATA[<p class="subtitle">Aliquam pretium porta odio</p><p>Praesent consectetur imperdiet mauris. Suspendisse at pede vel lorem pulvinar laoreet. <a href="http://www.flashmo.com" target="_parent">Donec dapibus</a> viverra est. Pellentesque elementum enim a augue in nisi.</p><p><span class="highlight">Nunc commodo, magna pharetra semper vehicula, dui ligula feugiat elit, et euismod nunc orci ut libero.</span></p>]]></description>
	</photo>
	
	<photo>
		<thumbnail>s_photo_007.jpg</thumbnail>
		<filename>photo_007.jpg</filename>
		<tooltip>Cras nulla sem</tooltip>
		<description><![CDATA[<p class="subtitle">Cras nulla sem</p><p>Lorem ipsum dolor sit amet, consectetur adipiscing elit. <span class="highlight">Quisque at ante sit amet</span> erat laoreet <u>fermentum</u>. Quisque nec nisl. Nam scelerisque cursus dolor. <a href="http://www.flashmo.com" target="_parent">Integer vel sapien quis</a> risus egestas suscipit. Nam lorem tortor, viverra gravida, egestas id, pellentesque in, mi. <span class="note">Suspendisse at nisi nec diam pretium tincidunt.</span></p>]]></description>
	</photo>
	
	<photo>
		<thumbnail>s_photo_008.jpg</thumbnail>
		<filename>photo_008.jpg</filename>
		<tooltip>Pellentesque leo lacus</tooltip>
		<description><![CDATA[<p class="subtitle">Pellentesque leo lacus</p><p><span class="highlight">Quisque at ante sit amet</span> erat laoreet <u>fermentum</u>. Quisque nec nisl. Nam scelerisque cursus dolor. <a href="http://www.flashmo.com" target="_blank">Integer vel sapien quis</a> risus egestas suscipit. Nam lorem tortor, viverra gravida, egestas id, pellentesque in, mi. Praesent consectetur imperdiet mauris. <span class="note">Suspendisse at nisi nec diam pretium tincidunt.</span></p>]]></description>
	</photo>
	
	<photo>
		<thumbnail>s_photo_009.jpg</thumbnail>
		<filename>photo_009.jpg</filename>
		<tooltip>Duis faucibus</tooltip>
		<description><![CDATA[<p class="subtitle">Duis faucibus</p><p><a href="http://www.flashmo.com" target="_parent">Lorem ipsum dolor sit amet</a>, consectetur adipiscing elit. <span class="highlight">Quisque at ante sit amet</span> erat laoreet <u>fermentum</u>. Etiam sit amet turpis. Duis nulla diam, posuere ac, varius id, ullamcorper sit amet, libero.</p><p><span class="note">This text is dynamically loaded from the external XML file. This textfield supports HTML and CSS.</span></p>]]></description>
	</photo>
	
	<photo>
		<thumbnail>s_photo_010.jpg</thumbnail>
		<filename>photo_010.jpg</filename>
		<tooltip>Etiam sodales massa</tooltip>
		<description><![CDATA[<p class="subtitle">Etiam sodales massa</p><p><a href="http://www.flashmo.com/donate" target="_blank">Fusce quis diam sit</a> amet tortor luctus pellentesque. <b>Vivamus fermentum</b> orci viverra nisl. In nec magna id ipsum aliquam dictum. Donec euismod enim et risus.</p><p><span class="note">This textfield supports HTML and CSS.</span></p>]]></description>
	</photo>

	<photo>
		<thumbnail>s_photo_016.jpg</thumbnail>
		<filename>photo_016.jpg</filename>
		<tooltip>Suspendisse ac magna</tooltip>
		<description><![CDATA[<p class="subtitle">Suspendisse ac magna quis</p><p><span class="highlight">Quisque at ante sit amet</span> erat laoreet <u>fermentum</u>. Quisque nec nisl. Nam scelerisque cursus dolor. <a href="http://www.flashmo.com" target="_blank">Integer vel sapien quis</a> risus egestas suscipit. Nam lorem tortor, viverra gravida, egestas id, pellentesque in, mi. This text is dynamically loaded from the external XML file. <span class="note">Suspendisse at nisi nec diam pretium tincidunt.</span></p>]]></description>
	</photo>
	
	<photo>
		<thumbnail>s_photo_017.jpg</thumbnail>
		<filename>photo_017.jpg</filename>
		<tooltip>Suspendisse vitae orci</tooltip>
		<description><![CDATA[<p class="subtitle">Suspendisse vitae orci</p><p><a href="http://www.flashmo.com" target="_parent">Lorem ipsum dolor sit amet</a>, consectetur adipiscing elit. <span class="highlight">Quisque at ante sit amet</span> erat laoreet <u>fermentum</u>. Quisque nec nisl. Nam scelerisque cursus dolor. Pellentesque elementum enim a augue. Donec in nisi. Etiam sit amet turpis. Duis nulla diam, posuere ac, varius id, ullamcorper sit amet, libero.</p>]]></description>
	</photo>
	
	<photo>
		<thumbnail>s_photo_018.jpg</thumbnail>
		<filename>photo_018.jpg</filename>
		<tooltip>Aenean eleifend</tooltip>
		<description><![CDATA[<p class="subtitle">Aenean eleifend</p><p><a href="http://www.flashmo.com/donate" target="_blank">Fusce quis diam sit</a> amet tortor luctus pellentesque. Donec accumsan urna non elit tristique mattis. <b>Vivamus fermentum</b> orci viverra nisl. In nec magna id ipsum aliquam dictum. Maecenas sodales pede eu massa. Fusce lacinia orci at nisi. This textfield supports HTML and CSS. <span class="note">Donec euismod enim et risus.</span></p>]]></description>
	</photo>
	
	<photo>
		<thumbnail>s_photo_019.jpg</thumbnail>
		<filename>photo_019.jpg</filename>
		<tooltip>Donec accumsan urna</tooltip>
		<description><![CDATA[<p class="subtitle">Donec accumsan urna</p><p>In velit urna, <u>convallis id</u>, pharetra in, iaculis sit amet, mi. Etiam et neque. Donec dapibus viverra est.</p>]]></description>
	</photo>
	
	<photo>
		<thumbnail>s_photo_020.jpg</thumbnail>
		<filename>photo_020.jpg</filename>
		<tooltip>Vivamus fermentum</tooltip>
		<description><![CDATA[<p class="subtitle">Vivamus fermentum</p><p><a href="http://www.flashmo.com/donate" target="_blank">Mauris vestibulum felis</a> eget tortor. <b>Praesent</b> mattis varius quam. Nunc eget urna. Mauris vestibulum felis eget tortor. Praesent mattis varius quam. Vestibulum ullamcorper ipsum nec augue. Vestibulum auctor odio eget ante. Nunc commodo, magna pharetra semper vehicula, dui ligula feugiat elit, et euismod nunc orci ut libero.</p>]]></description>
	</photo>
		
	<photo>
		<thumbnail>s_photo_001.jpg</thumbnail>
		<filename>photo_001.jpg</filename>
		<tooltip>Quisque at ante sit</tooltip>
		<description><![CDATA[<p class="subtitle">Quisque at ante sit amet</p><p><a href="http://www.flashmo.com" target="_parent">Lorem ipsum dolor sit amet</a>, consectetur adipiscing elit. <span class="highlight">Quisque at ante sit amet</span> erat laoreet <u>fermentum</u>. Quisque nec nisl. Nam scelerisque cursus dolor. Duis nulla diam, posuere ac, varius id, ullamcorper sit amet, libero.</p><p><span class="note">This text is dynamically loaded from the external XML file. This textfield supports HTML and CSS.</span></p>]]></description>
	</photo>
	
	<photo>
		<thumbnail>s_photo_002.jpg</thumbnail>
		<filename>photo_002.jpg</filename>
		<tooltip>Donec mattis egestas</tooltip>
		<description><![CDATA[<p class="subtitle">Donec mattis egestas sem</p><p><a href="http://www.flashmo.com/donate" target="_blank">Fusce quis diam sit</a> amet tortor luctus pellentesque. Donec accumsan urna non elit tristique mattis. <b>Vivamus fermentum</b> orci viverra nisl. In nec magna id ipsum aliquam dictum. Quisque nec nisl.</p>]]></description>
	</photo>
	
	<photo>
		<thumbnail>s_photo_003.jpg</thumbnail>
		<filename>photo_003.jpg</filename>
		<tooltip>Mauris congue felis</tooltip>
		<description><![CDATA[<p class="subtitle">Mauris congue felis at nisi</p><p>In velit urna, <u>convallis id</u>, pharetra in, iaculis sit amet, mi. Praesent consectetur imperdiet mauris. Suspendisse at pede vel lorem pulvinar laoreet. Etiam et neque. Donec dapibus viverra est.</p><p><span class="note">This text is dynamically loaded from the external XML file. This textfield supports HTML and CSS.</span></p>]]></description>
	</photo>
	
	<photo>
		<thumbnail>s_photo_004.jpg</thumbnail>
		<filename>photo_004.jpg</filename>
		<tooltip>Nulla et nunc commodo</tooltip>
		<description><![CDATA[<p class="subtitle">Nulla et nunc commodo ante</p><p><a href="http://www.flashmo.com/donate" target="_blank">Mauris vestibulum felis</a> eget tortor. Praesent mattis varius quam. Vestibulum ullamcorper ipsum nec augue. Vestibulum auctor odio eget ante. Nunc commodo, magna pharetra semper vehicula, dui ligula feugiat elit, et euismod nunc orci ut libero. Etiam sodales massa vel metus. <span class="note">Mauris et elit quis mauris aliquet luctus.</span></p>]]></description>
	</photo>
	
	<photo>
		<thumbnail>s_photo_005.jpg</thumbnail>
		<filename>photo_005.jpg</filename>
		<tooltip>Lorem ipsum dolor</tooltip>
		<description><![CDATA[<p class="subtitle">Lorem ipsum dolor sit amet</p><p>Nunc aliquam, dolor vitae sollicitudin lacinia, nibh orci sagittis diam, dignissim sodales dui erat nec eros. Fusce quis enim. <a href="http://www.flashmo.com" target="_parent">Aenean eleifend</a>, neque hendrerit elementum sodales, , sed tempor vitae tellus.</p>]]></description>
	</photo>
	
	<photo>
		<thumbnail>s_photo_011.jpg</thumbnail>
		<filename>photo_011.jpg</filename>
		<tooltip>Etiam fringilla</tooltip>
		<description><![CDATA[<p class="subtitle">Etiam fringilla vestibulum</p><p>In velit urna, <u>convallis id</u>, pharetra in, iaculis sit amet, mi. Praesent consectetur imperdiet mauris. Suspendisse at pede vel lorem pulvinar laoreet. Etiam et neque. Donec dapibus viverra est.</p><p><span class="note">This text is dynamically loaded from the external XML file. This textfield supports HTML and CSS.</span></p>]]></description>
	</photo>
	
	<photo>
		<thumbnail>s_photo_012.jpg</thumbnail>
		<filename>photo_012.jpg</filename>
		<tooltip>Cum sociis natoque</tooltip>
		<description><![CDATA[<p class="subtitle">Cum sociis natoque penatibus</p><p><a href="http://www.flashmo.com/donate" target="_blank">Mauris vestibulum felis</a> eget tortor. Praesent mattis varius quam. Vestibulum ullamcorper ipsum nec augue. Vestibulum auctor odio eget ante. Nunc commodo, magna pharetra semper vehicula, dui ligula feugiat elit, et euismod nunc orci ut libero. <span class="note">Etiam sodales massa vel metus. Mauris et elit quis mauris aliquet luctus.</span></p>]]></description>
	</photo>
	
	<photo>
		<thumbnail>s_photo_013.jpg</thumbnail>
		<filename>photo_013.jpg</filename>
		<tooltip>Fusce non lacus</tooltip>
		<description><![CDATA[<p class="subtitle">Fusce non lacus</p><p>Nunc aliquam, dolor vitae sollicitudin lacinia, nibh orci sagittis diam, dignissim sodales dui erat nec eros. <a href="http://www.flashmo.com" target="_parent">Aenean eleifend</a>, neque hendrerit elementum sodales, odio erat sagittis quam, sed tempor orci magna vitae tellus. Lorem ipsum dolor sit. Fusce quis enim.</p><p><span class="note">Quisque nec nisl. Nam scelerisque cursus dolor.</span></p>]]></description>
	</photo>
	
	<photo>
		<thumbnail>s_photo_014.jpg</thumbnail>
		<filename>photo_014.jpg</filename>
		<tooltip>Praesent consectetur</tooltip>
		<description><![CDATA[<p class="subtitle">Praesent consectetur imperdiet</p><p>In velit urna, convallis id, pharetra in, iaculis sit amet, mi. Praesent consectetur imperdiet mauris. Suspendisse at pede vel lorem pulvinar laoreet. Etiam et neque. <a href="http://www.flashmo.com" target="_parent">Donec dapibus</a> viverra est. Nam lorem tortor, viverra gravida, egestas id, pellentesque in, mi. Praesent consectetur imperdiet mauris. <span class="note">Suspendisse at nisi nec diam pretium tincidunt.</span></p>]]></description>
	</photo>
	
	<photo>
		<thumbnail>s_photo_015.jpg</thumbnail>
		<filename>photo_015.jpg</filename>
		<tooltip>Morbi nec magna</tooltip>
		<description><![CDATA[<p class="subtitle">Morbi nec magna pulvinar</p><p>Lorem ipsum dolor sit amet, consectetur adipiscing elit. <span class="highlight">Quisque at ante sit amet</span> erat laoreet <u>fermentum</u>. Quisque nec nisl. Nam scelerisque cursus dolor. <a href="http://www.flashmo.com" target="_parent">Integer vel sapien quis</a> risus egestas suscipit. Nam lorem tortor, viverra gravida, egestas id, pellentesque in, mi.</p>]]></description>
	</photo>

	<photo>
		<thumbnail>s_photo_006.jpg</thumbnail>
		<filename>photo_006.jpg</filename>
		<tooltip>Aliquam pretium porta</tooltip>
		<description><![CDATA[<p class="subtitle">Aliquam pretium porta odio</p><p>Praesent consectetur imperdiet mauris. Suspendisse at pede vel lorem pulvinar laoreet. <a href="http://www.flashmo.com" target="_parent">Donec dapibus</a> viverra est. Pellentesque elementum enim a augue in nisi.</p><p><span class="highlight">Nunc commodo, magna pharetra semper vehicula, dui ligula feugiat elit, et euismod nunc orci ut libero.</span></p>]]></description>
	</photo>
	
	<photo>
		<thumbnail>s_photo_007.jpg</thumbnail>
		<filename>photo_007.jpg</filename>
		<tooltip>Cras nulla sem</tooltip>
		<description><![CDATA[<p class="subtitle">Cras nulla sem</p><p>Lorem ipsum dolor sit amet, consectetur adipiscing elit. <span class="highlight">Quisque at ante sit amet</span> erat laoreet <u>fermentum</u>. Quisque nec nisl. Nam scelerisque cursus dolor. <a href="http://www.flashmo.com" target="_parent">Integer vel sapien quis</a> risus egestas suscipit. Nam lorem tortor, viverra gravida, egestas id, pellentesque in, mi. <span class="note">Suspendisse at nisi nec diam pretium tincidunt.</span></p>]]></description>
	</photo>
	
	<photo>
		<thumbnail>s_photo_008.jpg</thumbnail>
		<filename>photo_008.jpg</filename>
		<tooltip>Pellentesque leo lacus</tooltip>
		<description><![CDATA[<p class="subtitle">Pellentesque leo lacus</p><p><span class="highlight">Quisque at ante sit amet</span> erat laoreet <u>fermentum</u>. Quisque nec nisl. Nam scelerisque cursus dolor. <a href="http://www.flashmo.com" target="_blank">Integer vel sapien quis</a> risus egestas suscipit. Nam lorem tortor, viverra gravida, egestas id, pellentesque in, mi. Praesent consectetur imperdiet mauris. <span class="note">Suspendisse at nisi nec diam pretium tincidunt.</span></p>]]></description>
	</photo>
	
	<photo>
		<thumbnail>s_photo_009.jpg</thumbnail>
		<filename>photo_009.jpg</filename>
		<tooltip>Duis faucibus</tooltip>
		<description><![CDATA[<p class="subtitle">Duis faucibus</p><p><a href="http://www.flashmo.com" target="_parent">Lorem ipsum dolor sit amet</a>, consectetur adipiscing elit. <span class="highlight">Quisque at ante sit amet</span> erat laoreet <u>fermentum</u>. Etiam sit amet turpis. Duis nulla diam, posuere ac, varius id, ullamcorper sit amet, libero.</p><p><span class="note">This text is dynamically loaded from the external XML file. This textfield supports HTML and CSS.</span></p>]]></description>
	</photo>
	
	<photo>
		<thumbnail>s_photo_010.jpg</thumbnail>
		<filename>photo_010.jpg</filename>
		<tooltip>Etiam sodales massa</tooltip>
		<description><![CDATA[<p class="subtitle">Etiam sodales massa</p><p><a href="http://www.flashmo.com/donate" target="_blank">Fusce quis diam sit</a> amet tortor luctus pellentesque. <b>Vivamus fermentum</b> orci viverra nisl. In nec magna id ipsum aliquam dictum. Donec euismod enim et risus.</p><p><span class="note">This textfield supports HTML and CSS.</span></p>]]></description>
	</photo>

	<photo>
		<thumbnail>s_photo_011.jpg</thumbnail>
		<filename>photo_011.jpg</filename>
		<tooltip>Etiam fringilla</tooltip>
		<description><![CDATA[<p class="subtitle">Etiam fringilla vestibulum</p><p>In velit urna, <u>convallis id</u>, pharetra in, iaculis sit amet, mi. Praesent consectetur imperdiet mauris. Suspendisse at pede vel lorem pulvinar laoreet. Etiam et neque. Donec dapibus viverra est.</p><p><span class="note">This text is dynamically loaded from the external XML file. This textfield supports HTML and CSS.</span></p>]]></description>
	</photo>
	
	<photo>
		<thumbnail>s_photo_012.jpg</thumbnail>
		<filename>photo_012.jpg</filename>
		<tooltip>Cum sociis natoque</tooltip>
		<description><![CDATA[<p class="subtitle">Cum sociis natoque penatibus</p><p><a href="http://www.flashmo.com/donate" target="_blank">Mauris vestibulum felis</a> eget tortor. Praesent mattis varius quam. Vestibulum ullamcorper ipsum nec augue. Vestibulum auctor odio eget ante. Nunc commodo, magna pharetra semper vehicula, dui ligula feugiat elit, et euismod nunc orci ut libero. <span class="note">Etiam sodales massa vel metus. Mauris et elit quis mauris aliquet luctus.</span></p>]]></description>
	</photo>
	
	<photo>
		<thumbnail>s_photo_013.jpg</thumbnail>
		<filename>photo_013.jpg</filename>
		<tooltip>Fusce non lacus</tooltip>
		<description><![CDATA[<p class="subtitle">Fusce non lacus</p><p>Nunc aliquam, dolor vitae sollicitudin lacinia, nibh orci sagittis diam, dignissim sodales dui erat nec eros. <a href="http://www.flashmo.com" target="_parent">Aenean eleifend</a>, neque hendrerit elementum sodales, odio erat sagittis quam, sed tempor orci magna vitae tellus. Lorem ipsum dolor sit. Fusce quis enim.</p><p><span class="note">Quisque nec nisl. Nam scelerisque cursus dolor.</span></p>]]></description>
	</photo>
	
	<photo>
		<thumbnail>s_photo_014.jpg</thumbnail>
		<filename>photo_014.jpg</filename>
		<tooltip>Praesent consectetur</tooltip>
		<description><![CDATA[<p class="subtitle">Praesent consectetur imperdiet</p><p>In velit urna, convallis id, pharetra in, iaculis sit amet, mi. Praesent consectetur imperdiet mauris. Suspendisse at pede vel lorem pulvinar laoreet. Etiam et neque. <a href="http://www.flashmo.com" target="_parent">Donec dapibus</a> viverra est. Nam lorem tortor, viverra gravida, egestas id, pellentesque in, mi. Praesent consectetur imperdiet mauris. <span class="note">Suspendisse at nisi nec diam pretium tincidunt.</span></p>]]></description>
	</photo>
	
	<photo>
		<thumbnail>s_photo_015.jpg</thumbnail>
		<filename>photo_015.jpg</filename>
		<tooltip>Morbi nec magna</tooltip>
		<description><![CDATA[<p class="subtitle">Morbi nec magna pulvinar</p><p>Lorem ipsum dolor sit amet, consectetur adipiscing elit. <span class="highlight">Quisque at ante sit amet</span> erat laoreet <u>fermentum</u>. Quisque nec nisl. Nam scelerisque cursus dolor. <a href="http://www.flashmo.com" target="_parent">Integer vel sapien quis</a> risus egestas suscipit. Nam lorem tortor, viverra gravida, egestas id, pellentesque in, mi.</p>]]></description>
	</photo>
		
	<photo>
		<thumbnail>s_photo_001.jpg</thumbnail>
		<filename>photo_001.jpg</filename>
		<tooltip>Quisque at ante sit</tooltip>
		<description><![CDATA[<p class="subtitle">Quisque at ante sit amet</p><p><a href="http://www.flashmo.com" target="_parent">Lorem ipsum dolor sit amet</a>, consectetur adipiscing elit. <span class="highlight">Quisque at ante sit amet</span> erat laoreet <u>fermentum</u>. Quisque nec nisl. Nam scelerisque cursus dolor. Duis nulla diam, posuere ac, varius id, ullamcorper sit amet, libero.</p><p><span class="note">This text is dynamically loaded from the external XML file. This textfield supports HTML and CSS.</span></p>]]></description>
	</photo>
	
	<photo>
		<thumbnail>s_photo_002.jpg</thumbnail>
		<filename>photo_002.jpg</filename>
		<tooltip>Donec mattis egestas</tooltip>
		<description><![CDATA[<p class="subtitle">Donec mattis egestas sem</p><p><a href="http://www.flashmo.com/donate" target="_blank">Fusce quis diam sit</a> amet tortor luctus pellentesque. Donec accumsan urna non elit tristique mattis. <b>Vivamus fermentum</b> orci viverra nisl. In nec magna id ipsum aliquam dictum. Quisque nec nisl.</p>]]></description>
	</photo>
	
	<photo>
		<thumbnail>s_photo_003.jpg</thumbnail>
		<filename>photo_003.jpg</filename>
		<tooltip>Mauris congue felis</tooltip>
		<description><![CDATA[<p class="subtitle">Mauris congue felis at nisi</p><p>In velit urna, <u>convallis id</u>, pharetra in, iaculis sit amet, mi. Praesent consectetur imperdiet mauris. Suspendisse at pede vel lorem pulvinar laoreet. Etiam et neque. Donec dapibus viverra est.</p><p><span class="note">This text is dynamically loaded from the external XML file. This textfield supports HTML and CSS.</span></p>]]></description>
	</photo>
	
	<photo>
		<thumbnail>s_photo_004.jpg</thumbnail>
		<filename>photo_004.jpg</filename>
		<tooltip>Nulla et nunc commodo</tooltip>
		<description><![CDATA[<p class="subtitle">Nulla et nunc commodo ante</p><p><a href="http://www.flashmo.com/donate" target="_blank">Mauris vestibulum felis</a> eget tortor. Praesent mattis varius quam. Vestibulum ullamcorper ipsum nec augue. Vestibulum auctor odio eget ante. Nunc commodo, magna pharetra semper vehicula, dui ligula feugiat elit, et euismod nunc orci ut libero. Etiam sodales massa vel metus. <span class="note">Mauris et elit quis mauris aliquet luctus.</span></p>]]></description>
	</photo>
	
	<photo>
		<thumbnail>s_photo_005.jpg</thumbnail>
		<filename>photo_005.jpg</filename>
		<tooltip>Lorem ipsum dolor</tooltip>
		<description><![CDATA[<p class="subtitle">Lorem ipsum dolor sit amet</p><p>Nunc aliquam, dolor vitae sollicitudin lacinia, nibh orci sagittis diam, dignissim sodales dui erat nec eros. Fusce quis enim. <a href="http://www.flashmo.com" target="_parent">Aenean eleifend</a>, neque hendrerit elementum sodales, , sed tempor vitae tellus.</p>]]></description>
	</photo>

<photo>
		<thumbnail>s_photo_016.jpg</thumbnail>
		<filename>photo_016.jpg</filename>
		<tooltip>Suspendisse ac magna</tooltip>
		<description><![CDATA[<p class="subtitle">Suspendisse ac magna quis</p><p><span class="highlight">Quisque at ante sit amet</span> erat laoreet <u>fermentum</u>. Quisque nec nisl. Nam scelerisque cursus dolor. <a href="http://www.flashmo.com" target="_blank">Integer vel sapien quis</a> risus egestas suscipit. Nam lorem tortor, viverra gravida, egestas id, pellentesque in, mi. This text is dynamically loaded from the external XML file. <span class="note">Suspendisse at nisi nec diam pretium tincidunt.</span></p>]]></description>
	</photo>
	
	<photo>
		<thumbnail>s_photo_017.jpg</thumbnail>
		<filename>photo_017.jpg</filename>
		<tooltip>Suspendisse vitae orci</tooltip>
		<description><![CDATA[<p class="subtitle">Suspendisse vitae orci</p><p><a href="http://www.flashmo.com" target="_parent">Lorem ipsum dolor sit amet</a>, consectetur adipiscing elit. <span class="highlight">Quisque at ante sit amet</span> erat laoreet <u>fermentum</u>. Quisque nec nisl. Nam scelerisque cursus dolor. Pellentesque elementum enim a augue. Donec in nisi. Etiam sit amet turpis. Duis nulla diam, posuere ac, varius id, ullamcorper sit amet, libero.</p>]]></description>
	</photo>
	
	<photo>
		<thumbnail>s_photo_018.jpg</thumbnail>
		<filename>photo_018.jpg</filename>
		<tooltip>Aenean eleifend</tooltip>
		<description><![CDATA[<p class="subtitle">Aenean eleifend</p><p><a href="http://www.flashmo.com/donate" target="_blank">Fusce quis diam sit</a> amet tortor luctus pellentesque. Donec accumsan urna non elit tristique mattis. <b>Vivamus fermentum</b> orci viverra nisl. In nec magna id ipsum aliquam dictum. Maecenas sodales pede eu massa. Fusce lacinia orci at nisi. This textfield supports HTML and CSS. <span class="note">Donec euismod enim et risus.</span></p>]]></description>
	</photo>
	
	<photo>
		<thumbnail>s_photo_019.jpg</thumbnail>
		<filename>photo_019.jpg</filename>
		<tooltip>Donec accumsan urna</tooltip>
		<description><![CDATA[<p class="subtitle">Donec accumsan urna</p><p>In velit urna, <u>convallis id</u>, pharetra in, iaculis sit amet, mi. Etiam et neque. Donec dapibus viverra est.</p>]]></description>
	</photo>
	
	<photo>
		<thumbnail>s_photo_020.jpg</thumbnail>
		<filename>photo_020.jpg</filename>
		<tooltip>Vivamus fermentum</tooltip>
		<description><![CDATA[<p class="subtitle">Vivamus fermentum</p><p><a href="http://www.flashmo.com/donate" target="_blank">Mauris vestibulum felis</a> eget tortor. <b>Praesent</b> mattis varius quam. Nunc eget urna. Mauris vestibulum felis eget tortor. Praesent mattis varius quam. Vestibulum ullamcorper ipsum nec augue. Vestibulum auctor odio eget ante. Nunc commodo, magna pharetra semper vehicula, dui ligula feugiat elit, et euismod nunc orci ut libero.</p>]]></description>
	</photo>
	
	<photo>
		<thumbnail>s_photo_006.jpg</thumbnail>
		<filename>photo_006.jpg</filename>
		<tooltip>Aliquam pretium porta</tooltip>
		<description><![CDATA[<p class="subtitle">Aliquam pretium porta odio</p><p>Praesent consectetur imperdiet mauris. Suspendisse at pede vel lorem pulvinar laoreet. <a href="http://www.flashmo.com" target="_parent">Donec dapibus</a> viverra est. Pellentesque elementum enim a augue in nisi.</p><p><span class="highlight">Nunc commodo, magna pharetra semper vehicula, dui ligula feugiat elit, et euismod nunc orci ut libero.</span></p>]]></description>
	</photo>
	
	<photo>
		<thumbnail>s_photo_007.jpg</thumbnail>
		<filename>photo_007.jpg</filename>
		<tooltip>Cras nulla sem</tooltip>
		<description><![CDATA[<p class="subtitle">Cras nulla sem</p><p>Lorem ipsum dolor sit amet, consectetur adipiscing elit. <span class="highlight">Quisque at ante sit amet</span> erat laoreet <u>fermentum</u>. Quisque nec nisl. Nam scelerisque cursus dolor. <a href="http://www.flashmo.com" target="_parent">Integer vel sapien quis</a> risus egestas suscipit. Nam lorem tortor, viverra gravida, egestas id, pellentesque in, mi. <span class="note">Suspendisse at nisi nec diam pretium tincidunt.</span></p>]]></description>
	</photo>
	
	<photo>
		<thumbnail>s_photo_008.jpg</thumbnail>
		<filename>photo_008.jpg</filename>
		<tooltip>Pellentesque leo lacus</tooltip>
		<description><![CDATA[<p class="subtitle">Pellentesque leo lacus</p><p><span class="highlight">Quisque at ante sit amet</span> erat laoreet <u>fermentum</u>. Quisque nec nisl. Nam scelerisque cursus dolor. <a href="http://www.flashmo.com" target="_blank">Integer vel sapien quis</a> risus egestas suscipit. Nam lorem tortor, viverra gravida, egestas id, pellentesque in, mi. Praesent consectetur imperdiet mauris. <span class="note">Suspendisse at nisi nec diam pretium tincidunt.</span></p>]]></description>
	</photo>
	
	<photo>
		<thumbnail>s_photo_009.jpg</thumbnail>
		<filename>photo_009.jpg</filename>
		<tooltip>Duis faucibus</tooltip>
		<description><![CDATA[<p class="subtitle">Duis faucibus</p><p><a href="http://www.flashmo.com" target="_parent">Lorem ipsum dolor sit amet</a>, consectetur adipiscing elit. <span class="highlight">Quisque at ante sit amet</span> erat laoreet <u>fermentum</u>. Etiam sit amet turpis. Duis nulla diam, posuere ac, varius id, ullamcorper sit amet, libero.</p><p><span class="note">This text is dynamically loaded from the external XML file. This textfield supports HTML and CSS.</span></p>]]></description>
	</photo>
	
	<photo>
		<thumbnail>s_photo_010.jpg</thumbnail>
		<filename>photo_010.jpg</filename>
		<tooltip>Etiam sodales massa</tooltip>
		<description><![CDATA[<p class="subtitle">Etiam sodales massa</p><p><a href="http://www.flashmo.com/donate" target="_blank">Fusce quis diam sit</a> amet tortor luctus pellentesque. <b>Vivamus fermentum</b> orci viverra nisl. In nec magna id ipsum aliquam dictum. Donec euismod enim et risus.</p><p><span class="note">This textfield supports HTML and CSS.</span></p>]]></description>
	</photo>

	<photo>
		<thumbnail>s_photo_011.jpg</thumbnail>
		<filename>photo_011.jpg</filename>
		<tooltip>Etiam fringilla</tooltip>
		<description><![CDATA[<p class="subtitle">Etiam fringilla vestibulum</p><p>In velit urna, <u>convallis id</u>, pharetra in, iaculis sit amet, mi. Praesent consectetur imperdiet mauris. Suspendisse at pede vel lorem pulvinar laoreet. Etiam et neque. Donec dapibus viverra est.</p><p><span class="note">This text is dynamically loaded from the external XML file. This textfield supports HTML and CSS.</span></p>]]></description>
	</photo>
	
	<photo>
		<thumbnail>s_photo_012.jpg</thumbnail>
		<filename>photo_012.jpg</filename>
		<tooltip>Cum sociis natoque</tooltip>
		<description><![CDATA[<p class="subtitle">Cum sociis natoque penatibus</p><p><a href="http://www.flashmo.com/donate" target="_blank">Mauris vestibulum felis</a> eget tortor. Praesent mattis varius quam. Vestibulum ullamcorper ipsum nec augue. Vestibulum auctor odio eget ante. Nunc commodo, magna pharetra semper vehicula, dui ligula feugiat elit, et euismod nunc orci ut libero. <span class="note">Etiam sodales massa vel metus. Mauris et elit quis mauris aliquet luctus.</span></p>]]></description>
	</photo>
	
	<photo>
		<thumbnail>s_photo_013.jpg</thumbnail>
		<filename>photo_013.jpg</filename>
		<tooltip>Fusce non lacus</tooltip>
		<description><![CDATA[<p class="subtitle">Fusce non lacus</p><p>Nunc aliquam, dolor vitae sollicitudin lacinia, nibh orci sagittis diam, dignissim sodales dui erat nec eros. <a href="http://www.flashmo.com" target="_parent">Aenean eleifend</a>, neque hendrerit elementum sodales, odio erat sagittis quam, sed tempor orci magna vitae tellus. Lorem ipsum dolor sit. Fusce quis enim.</p><p><span class="note">Quisque nec nisl. Nam scelerisque cursus dolor.</span></p>]]></description>
	</photo>
	
	<photo>
		<thumbnail>s_photo_014.jpg</thumbnail>
		<filename>photo_014.jpg</filename>
		<tooltip>Praesent consectetur</tooltip>
		<description><![CDATA[<p class="subtitle">Praesent consectetur imperdiet</p><p>In velit urna, convallis id, pharetra in, iaculis sit amet, mi. Praesent consectetur imperdiet mauris. Suspendisse at pede vel lorem pulvinar laoreet. Etiam et neque. <a href="http://www.flashmo.com" target="_parent">Donec dapibus</a> viverra est. Nam lorem tortor, viverra gravida, egestas id, pellentesque in, mi. Praesent consectetur imperdiet mauris. <span class="note">Suspendisse at nisi nec diam pretium tincidunt.</span></p>]]></description>
	</photo>
	
	<photo>
		<thumbnail>s_photo_015.jpg</thumbnail>
		<filename>photo_015.jpg</filename>
		<tooltip>Morbi nec magna</tooltip>
		<description><![CDATA[<p class="subtitle">Morbi nec magna pulvinar</p><p>Lorem ipsum dolor sit amet, consectetur adipiscing elit. <span class="highlight">Quisque at ante sit amet</span> erat laoreet <u>fermentum</u>. Quisque nec nisl. Nam scelerisque cursus dolor. <a href="http://www.flashmo.com" target="_parent">Integer vel sapien quis</a> risus egestas suscipit. Nam lorem tortor, viverra gravida, egestas id, pellentesque in, mi.</p>]]></description>
	</photo>

	<photo>
		<thumbnail>s_photo_016.jpg</thumbnail>
		<filename>photo_016.jpg</filename>
		<tooltip>Suspendisse ac magna</tooltip>
		<description><![CDATA[<p class="subtitle">Suspendisse ac magna quis</p><p><span class="highlight">Quisque at ante sit amet</span> erat laoreet <u>fermentum</u>. Quisque nec nisl. Nam scelerisque cursus dolor. <a href="http://www.flashmo.com" target="_blank">Integer vel sapien quis</a> risus egestas suscipit. Nam lorem tortor, viverra gravida, egestas id, pellentesque in, mi. This text is dynamically loaded from the external XML file. <span class="note">Suspendisse at nisi nec diam pretium tincidunt.</span></p>]]></description>
	</photo>
	
	<photo>
		<thumbnail>s_photo_017.jpg</thumbnail>
		<filename>photo_017.jpg</filename>
		<tooltip>Suspendisse vitae orci</tooltip>
		<description><![CDATA[<p class="subtitle">Suspendisse vitae orci</p><p><a href="http://www.flashmo.com" target="_parent">Lorem ipsum dolor sit amet</a>, consectetur adipiscing elit. <span class="highlight">Quisque at ante sit amet</span> erat laoreet <u>fermentum</u>. Quisque nec nisl. Nam scelerisque cursus dolor. Pellentesque elementum enim a augue. Donec in nisi. Etiam sit amet turpis. Duis nulla diam, posuere ac, varius id, ullamcorper sit amet, libero.</p>]]></description>
	</photo>
	
	<photo>
		<thumbnail>s_photo_018.jpg</thumbnail>
		<filename>photo_018.jpg</filename>
		<tooltip>Aenean eleifend</tooltip>
		<description><![CDATA[<p class="subtitle">Aenean eleifend</p><p><a href="http://www.flashmo.com/donate" target="_blank">Fusce quis diam sit</a> amet tortor luctus pellentesque. Donec accumsan urna non elit tristique mattis. <b>Vivamus fermentum</b> orci viverra nisl. In nec magna id ipsum aliquam dictum. Maecenas sodales pede eu massa. Fusce lacinia orci at nisi. This textfield supports HTML and CSS. <span class="note">Donec euismod enim et risus.</span></p>]]></description>
	</photo>
	
	<photo>
		<thumbnail>s_photo_019.jpg</thumbnail>
		<filename>photo_019.jpg</filename>
		<tooltip>Donec accumsan urna</tooltip>
		<description><![CDATA[<p class="subtitle">Donec accumsan urna</p><p>In velit urna, <u>convallis id</u>, pharetra in, iaculis sit amet, mi. Etiam et neque. Donec dapibus viverra est.</p>]]></description>
	</photo>
	
	<photo>
		<thumbnail>s_photo_020.jpg</thumbnail>
		<filename>photo_020.jpg</filename>
		<tooltip>Vivamus fermentum</tooltip>
		<description><![CDATA[<p class="subtitle">Vivamus fermentum</p><p><a href="http://www.flashmo.com/donate" target="_blank">Mauris vestibulum felis</a> eget tortor. <b>Praesent</b> mattis varius quam. Nunc eget urna. Mauris vestibulum felis eget tortor. Praesent mattis varius quam. Vestibulum ullamcorper ipsum nec augue. Vestibulum auctor odio eget ante. Nunc commodo, magna pharetra semper vehicula, dui ligula feugiat elit, et euismod nunc orci ut libero.</p>]]></description>
	</photo>
		
	<photo>
		<thumbnail>s_photo_001.jpg</thumbnail>
		<filename>photo_001.jpg</filename>
		<tooltip>Quisque at ante sit</tooltip>
		<description><![CDATA[<p class="subtitle">Quisque at ante sit amet</p><p><a href="http://www.flashmo.com" target="_parent">Lorem ipsum dolor sit amet</a>, consectetur adipiscing elit. <span class="highlight">Quisque at ante sit amet</span> erat laoreet <u>fermentum</u>. Quisque nec nisl. Nam scelerisque cursus dolor. Duis nulla diam, posuere ac, varius id, ullamcorper sit amet, libero.</p><p><span class="note">This text is dynamically loaded from the external XML file. This textfield supports HTML and CSS.</span></p>]]></description>
	</photo>
	
	<photo>
		<thumbnail>s_photo_002.jpg</thumbnail>
		<filename>photo_002.jpg</filename>
		<tooltip>Donec mattis egestas</tooltip>
		<description><![CDATA[<p class="subtitle">Donec mattis egestas sem</p><p><a href="http://www.flashmo.com/donate" target="_blank">Fusce quis diam sit</a> amet tortor luctus pellentesque. Donec accumsan urna non elit tristique mattis. <b>Vivamus fermentum</b> orci viverra nisl. In nec magna id ipsum aliquam dictum. Quisque nec nisl.</p>]]></description>
	</photo>
	
	<photo>
		<thumbnail>s_photo_003.jpg</thumbnail>
		<filename>photo_003.jpg</filename>
		<tooltip>Mauris congue felis</tooltip>
		<description><![CDATA[<p class="subtitle">Mauris congue felis at nisi</p><p>In velit urna, <u>convallis id</u>, pharetra in, iaculis sit amet, mi. Praesent consectetur imperdiet mauris. Suspendisse at pede vel lorem pulvinar laoreet. Etiam et neque. Donec dapibus viverra est.</p><p><span class="note">This text is dynamically loaded from the external XML file. This textfield supports HTML and CSS.</span></p>]]></description>
	</photo>
	
	<photo>
		<thumbnail>s_photo_004.jpg</thumbnail>
		<filename>photo_004.jpg</filename>
		<tooltip>Nulla et nunc commodo</tooltip>
		<description><![CDATA[<p class="subtitle">Nulla et nunc commodo ante</p><p><a href="http://www.flashmo.com/donate" target="_blank">Mauris vestibulum felis</a> eget tortor. Praesent mattis varius quam. Vestibulum ullamcorper ipsum nec augue. Vestibulum auctor odio eget ante. Nunc commodo, magna pharetra semper vehicula, dui ligula feugiat elit, et euismod nunc orci ut libero. Etiam sodales massa vel metus. <span class="note">Mauris et elit quis mauris aliquet luctus.</span></p>]]></description>
	</photo>
	
	<photo>
		<thumbnail>s_photo_005.jpg</thumbnail>
		<filename>photo_005.jpg</filename>
		<tooltip>Lorem ipsum dolor</tooltip>
		<description><![CDATA[<p class="subtitle">Lorem ipsum dolor sit amet</p><p>Nunc aliquam, dolor vitae sollicitudin lacinia, nibh orci sagittis diam, dignissim sodales dui erat nec eros. Fusce quis enim. <a href="http://www.flashmo.com" target="_parent">Aenean eleifend</a>, neque hendrerit elementum sodales, , sed tempor vitae tellus.</p>]]></description>
	</photo>

	<photo>
		<thumbnail>s_photo_006.jpg</thumbnail>
		<filename>photo_006.jpg</filename>
		<tooltip>Aliquam pretium porta</tooltip>
		<description><![CDATA[<p class="subtitle">Aliquam pretium porta odio</p><p>Praesent consectetur imperdiet mauris. Suspendisse at pede vel lorem pulvinar laoreet. <a href="http://www.flashmo.com" target="_parent">Donec dapibus</a> viverra est. Pellentesque elementum enim a augue in nisi.</p><p><span class="highlight">Nunc commodo, magna pharetra semper vehicula, dui ligula feugiat elit, et euismod nunc orci ut libero.</span></p>]]></description>
	</photo>
	
	<photo>
		<thumbnail>s_photo_007.jpg</thumbnail>
		<filename>photo_007.jpg</filename>
		<tooltip>Cras nulla sem</tooltip>
		<description><![CDATA[<p class="subtitle">Cras nulla sem</p><p>Lorem ipsum dolor sit amet, consectetur adipiscing elit. <span class="highlight">Quisque at ante sit amet</span> erat laoreet <u>fermentum</u>. Quisque nec nisl. Nam scelerisque cursus dolor. <a href="http://www.flashmo.com" target="_parent">Integer vel sapien quis</a> risus egestas suscipit. Nam lorem tortor, viverra gravida, egestas id, pellentesque in, mi. <span class="note">Suspendisse at nisi nec diam pretium tincidunt.</span></p>]]></description>
	</photo>
	
	<photo>
		<thumbnail>s_photo_008.jpg</thumbnail>
		<filename>photo_008.jpg</filename>
		<tooltip>Pellentesque leo lacus</tooltip>
		<description><![CDATA[<p class="subtitle">Pellentesque leo lacus</p><p><span class="highlight">Quisque at ante sit amet</span> erat laoreet <u>fermentum</u>. Quisque nec nisl. Nam scelerisque cursus dolor. <a href="http://www.flashmo.com" target="_blank">Integer vel sapien quis</a> risus egestas suscipit. Nam lorem tortor, viverra gravida, egestas id, pellentesque in, mi. Praesent consectetur imperdiet mauris. <span class="note">Suspendisse at nisi nec diam pretium tincidunt.</span></p>]]></description>
	</photo>
	
	<photo>
		<thumbnail>s_photo_009.jpg</thumbnail>
		<filename>photo_009.jpg</filename>
		<tooltip>Duis faucibus</tooltip>
		<description><![CDATA[<p class="subtitle">Duis faucibus</p><p><a href="http://www.flashmo.com" target="_parent">Lorem ipsum dolor sit amet</a>, consectetur adipiscing elit. <span class="highlight">Quisque at ante sit amet</span> erat laoreet <u>fermentum</u>. Etiam sit amet turpis. Duis nulla diam, posuere ac, varius id, ullamcorper sit amet, libero.</p><p><span class="note">This text is dynamically loaded from the external XML file. This textfield supports HTML and CSS.</span></p>]]></description>
	</photo>
	
	<photo>
		<thumbnail>s_photo_010.jpg</thumbnail>
		<filename>photo_010.jpg</filename>
		<tooltip>Etiam sodales massa</tooltip>
		<description><![CDATA[<p class="subtitle">Etiam sodales massa</p><p><a href="http://www.flashmo.com/donate" target="_blank">Fusce quis diam sit</a> amet tortor luctus pellentesque. <b>Vivamus fermentum</b> orci viverra nisl. In nec magna id ipsum aliquam dictum. Donec euismod enim et risus.</p><p><span class="note">This textfield supports HTML and CSS.</span></p>]]></description>
	</photo>

	<photo>
		<thumbnail>s_photo_011.jpg</thumbnail>
		<filename>photo_011.jpg</filename>
		<tooltip>Etiam fringilla</tooltip>
		<description><![CDATA[<p class="subtitle">Etiam fringilla vestibulum</p><p>In velit urna, <u>convallis id</u>, pharetra in, iaculis sit amet, mi. Praesent consectetur imperdiet mauris. Suspendisse at pede vel lorem pulvinar laoreet. Etiam et neque. Donec dapibus viverra est.</p><p><span class="note">This text is dynamically loaded from the external XML file. This textfield supports HTML and CSS.</span></p>]]></description>
	</photo>
	
	<photo>
		<thumbnail>s_photo_012.jpg</thumbnail>
		<filename>photo_012.jpg</filename>
		<tooltip>Cum sociis natoque</tooltip>
		<description><![CDATA[<p class="subtitle">Cum sociis natoque penatibus</p><p><a href="http://www.flashmo.com/donate" target="_blank">Mauris vestibulum felis</a> eget tortor. Praesent mattis varius quam. Vestibulum ullamcorper ipsum nec augue. Vestibulum auctor odio eget ante. Nunc commodo, magna pharetra semper vehicula, dui ligula feugiat elit, et euismod nunc orci ut libero. <span class="note">Etiam sodales massa vel metus. Mauris et elit quis mauris aliquet luctus.</span></p>]]></description>
	</photo>
	
	<photo>
		<thumbnail>s_photo_013.jpg</thumbnail>
		<filename>photo_013.jpg</filename>
		<tooltip>Fusce non lacus</tooltip>
		<description><![CDATA[<p class="subtitle">Fusce non lacus</p><p>Nunc aliquam, dolor vitae sollicitudin lacinia, nibh orci sagittis diam, dignissim sodales dui erat nec eros. <a href="http://www.flashmo.com" target="_parent">Aenean eleifend</a>, neque hendrerit elementum sodales, odio erat sagittis quam, sed tempor orci magna vitae tellus. Lorem ipsum dolor sit. Fusce quis enim.</p><p><span class="note">Quisque nec nisl. Nam scelerisque cursus dolor.</span></p>]]></description>
	</photo>
	
	<photo>
		<thumbnail>s_photo_014.jpg</thumbnail>
		<filename>photo_014.jpg</filename>
		<tooltip>Praesent consectetur</tooltip>
		<description><![CDATA[<p class="subtitle">Praesent consectetur imperdiet</p><p>In velit urna, convallis id, pharetra in, iaculis sit amet, mi. Praesent consectetur imperdiet mauris. Suspendisse at pede vel lorem pulvinar laoreet. Etiam et neque. <a href="http://www.flashmo.com" target="_parent">Donec dapibus</a> viverra est. Nam lorem tortor, viverra gravida, egestas id, pellentesque in, mi. Praesent consectetur imperdiet mauris. <span class="note">Suspendisse at nisi nec diam pretium tincidunt.</span></p>]]></description>
	</photo>
	
	<photo>
		<thumbnail>s_photo_015.jpg</thumbnail>
		<filename>photo_015.jpg</filename>
		<tooltip>Morbi nec magna</tooltip>
		<description><![CDATA[<p class="subtitle">Morbi nec magna pulvinar</p><p>Lorem ipsum dolor sit amet, consectetur adipiscing elit. <span class="highlight">Quisque at ante sit amet</span> erat laoreet <u>fermentum</u>. Quisque nec nisl. Nam scelerisque cursus dolor. <a href="http://www.flashmo.com" target="_parent">Integer vel sapien quis</a> risus egestas suscipit. Nam lorem tortor, viverra gravida, egestas id, pellentesque in, mi.</p>]]></description>
	</photo>

	<photo>
		<thumbnail>s_photo_016.jpg</thumbnail>
		<filename>photo_016.jpg</filename>
		<tooltip>Suspendisse ac magna</tooltip>
		<description><![CDATA[<p class="subtitle">Suspendisse ac magna quis</p><p><span class="highlight">Quisque at ante sit amet</span> erat laoreet <u>fermentum</u>. Quisque nec nisl. Nam scelerisque cursus dolor. <a href="http://www.flashmo.com" target="_blank">Integer vel sapien quis</a> risus egestas suscipit. Nam lorem tortor, viverra gravida, egestas id, pellentesque in, mi. This text is dynamically loaded from the external XML file. <span class="note">Suspendisse at nisi nec diam pretium tincidunt.</span></p>]]></description>
	</photo>
	
	<photo>
		<thumbnail>s_photo_017.jpg</thumbnail>
		<filename>photo_017.jpg</filename>
		<tooltip>Suspendisse vitae orci</tooltip>
		<description><![CDATA[<p class="subtitle">Suspendisse vitae orci</p><p><a href="http://www.flashmo.com" target="_parent">Lorem ipsum dolor sit amet</a>, consectetur adipiscing elit. <span class="highlight">Quisque at ante sit amet</span> erat laoreet <u>fermentum</u>. Quisque nec nisl. Nam scelerisque cursus dolor. Pellentesque elementum enim a augue. Donec in nisi. Etiam sit amet turpis. Duis nulla diam, posuere ac, varius id, ullamcorper sit amet, libero.</p>]]></description>
	</photo>
	
	<photo>
		<thumbnail>s_photo_018.jpg</thumbnail>
		<filename>photo_018.jpg</filename>
		<tooltip>Aenean eleifend</tooltip>
		<description><![CDATA[<p class="subtitle">Aenean eleifend</p><p><a href="http://www.flashmo.com/donate" target="_blank">Fusce quis diam sit</a> amet tortor luctus pellentesque. Donec accumsan urna non elit tristique mattis. <b>Vivamus fermentum</b> orci viverra nisl. In nec magna id ipsum aliquam dictum. Maecenas sodales pede eu massa. Fusce lacinia orci at nisi. This textfield supports HTML and CSS. <span class="note">Donec euismod enim et risus.</span></p>]]></description>
	</photo>
	
	<photo>
		<thumbnail>s_photo_019.jpg</thumbnail>
		<filename>photo_019.jpg</filename>
		<tooltip>Donec accumsan urna</tooltip>
		<description><![CDATA[<p class="subtitle">Donec accumsan urna</p><p>In velit urna, <u>convallis id</u>, pharetra in, iaculis sit amet, mi. Etiam et neque. Donec dapibus viverra est.</p>]]></description>
	</photo>
	
	<photo>
		<thumbnail>s_photo_020.jpg</thumbnail>
		<filename>photo_020.jpg</filename>
		<tooltip>Vivamus fermentum</tooltip>
		<description><![CDATA[<p class="subtitle">Vivamus fermentum</p><p><a href="http://www.flashmo.com/donate" target="_blank">Mauris vestibulum felis</a> eget tortor. <b>Praesent</b> mattis varius quam. Nunc eget urna. Mauris vestibulum felis eget tortor. Praesent mattis varius quam. Vestibulum ullamcorper ipsum nec augue. Vestibulum auctor odio eget ante. Nunc commodo, magna pharetra semper vehicula, dui ligula feugiat elit, et euismod nunc orci ut libero.</p>]]></description>
	</photo>
	
	<photo>
		<thumbnail>s_photo_001.jpg</thumbnail>
		<filename>photo_001.jpg</filename>
		<tooltip>Quisque at ante sit</tooltip>
		<description><![CDATA[<p class="subtitle">Quisque at ante sit amet</p><p><a href="http://www.flashmo.com" target="_parent">Lorem ipsum dolor sit amet</a>, consectetur adipiscing elit. <span class="highlight">Quisque at ante sit amet</span> erat laoreet <u>fermentum</u>. Quisque nec nisl. Nam scelerisque cursus dolor. Duis nulla diam, posuere ac, varius id, ullamcorper sit amet, libero.</p><p><span class="note">This text is dynamically loaded from the external XML file. This textfield supports HTML and CSS.</span></p>]]></description>
	</photo>
	
	<photo>
		<thumbnail>s_photo_002.jpg</thumbnail>
		<filename>photo_002.jpg</filename>
		<tooltip>Donec mattis egestas</tooltip>
		<description><![CDATA[<p class="subtitle">Donec mattis egestas sem</p><p><a href="http://www.flashmo.com/donate" target="_blank">Fusce quis diam sit</a> amet tortor luctus pellentesque. Donec accumsan urna non elit tristique mattis. <b>Vivamus fermentum</b> orci viverra nisl. In nec magna id ipsum aliquam dictum. Quisque nec nisl.</p>]]></description>
	</photo>
	
	<photo>
		<thumbnail>s_photo_003.jpg</thumbnail>
		<filename>photo_003.jpg</filename>
		<tooltip>Mauris congue felis</tooltip>
		<description><![CDATA[<p class="subtitle">Mauris congue felis at nisi</p><p>In velit urna, <u>convallis id</u>, pharetra in, iaculis sit amet, mi. Praesent consectetur imperdiet mauris. Suspendisse at pede vel lorem pulvinar laoreet. Etiam et neque. Donec dapibus viverra est.</p><p><span class="note">This text is dynamically loaded from the external XML file. This textfield supports HTML and CSS.</span></p>]]></description>
	</photo>
	
	<photo>
		<thumbnail>s_photo_004.jpg</thumbnail>
		<filename>photo_004.jpg</filename>
		<tooltip>Nulla et nunc commodo</tooltip>
		<description><![CDATA[<p class="subtitle">Nulla et nunc commodo ante</p><p><a href="http://www.flashmo.com/donate" target="_blank">Mauris vestibulum felis</a> eget tortor. Praesent mattis varius quam. Vestibulum ullamcorper ipsum nec augue. Vestibulum auctor odio eget ante. Nunc commodo, magna pharetra semper vehicula, dui ligula feugiat elit, et euismod nunc orci ut libero. Etiam sodales massa vel metus. <span class="note">Mauris et elit quis mauris aliquet luctus.</span></p>]]></description>
	</photo>
	
	<photo>
		<thumbnail>s_photo_005.jpg</thumbnail>
		<filename>photo_005.jpg</filename>
		<tooltip>Lorem ipsum dolor</tooltip>
		<description><![CDATA[<p class="subtitle">Lorem ipsum dolor sit amet</p><p>Nunc aliquam, dolor vitae sollicitudin lacinia, nibh orci sagittis diam, dignissim sodales dui erat nec eros. Fusce quis enim. <a href="http://www.flashmo.com" target="_parent">Aenean eleifend</a>, neque hendrerit elementum sodales, , sed tempor vitae tellus.</p>]]></description>
	</photo>

	<photo>
		<thumbnail>s_photo_006.jpg</thumbnail>
		<filename>photo_006.jpg</filename>
		<tooltip>Aliquam pretium porta</tooltip>
		<description><![CDATA[<p class="subtitle">Aliquam pretium porta odio</p><p>Praesent consectetur imperdiet mauris. Suspendisse at pede vel lorem pulvinar laoreet. <a href="http://www.flashmo.com" target="_parent">Donec dapibus</a> viverra est. Pellentesque elementum enim a augue in nisi.</p><p><span class="highlight">Nunc commodo, magna pharetra semper vehicula, dui ligula feugiat elit, et euismod nunc orci ut libero.</span></p>]]></description>
	</photo>
	
	<photo>
		<thumbnail>s_photo_007.jpg</thumbnail>
		<filename>photo_007.jpg</filename>
		<tooltip>Cras nulla sem</tooltip>
		<description><![CDATA[<p class="subtitle">Cras nulla sem</p><p>Lorem ipsum dolor sit amet, consectetur adipiscing elit. <span class="highlight">Quisque at ante sit amet</span> erat laoreet <u>fermentum</u>. Quisque nec nisl. Nam scelerisque cursus dolor. <a href="http://www.flashmo.com" target="_parent">Integer vel sapien quis</a> risus egestas suscipit. Nam lorem tortor, viverra gravida, egestas id, pellentesque in, mi. <span class="note">Suspendisse at nisi nec diam pretium tincidunt.</span></p>]]></description>
	</photo>
	
	<photo>
		<thumbnail>s_photo_008.jpg</thumbnail>
		<filename>photo_008.jpg</filename>
		<tooltip>Pellentesque leo lacus</tooltip>
		<description><![CDATA[<p class="subtitle">Pellentesque leo lacus</p><p><span class="highlight">Quisque at ante sit amet</span> erat laoreet <u>fermentum</u>. Quisque nec nisl. Nam scelerisque cursus dolor. <a href="http://www.flashmo.com" target="_blank">Integer vel sapien quis</a> risus egestas suscipit. Nam lorem tortor, viverra gravida, egestas id, pellentesque in, mi. Praesent consectetur imperdiet mauris. <span class="note">Suspendisse at nisi nec diam pretium tincidunt.</span></p>]]></description>
	</photo>
	
	<photo>
		<thumbnail>s_photo_009.jpg</thumbnail>
		<filename>photo_009.jpg</filename>
		<tooltip>Duis faucibus</tooltip>
		<description><![CDATA[<p class="subtitle">Duis faucibus</p><p><a href="http://www.flashmo.com" target="_parent">Lorem ipsum dolor sit amet</a>, consectetur adipiscing elit. <span class="highlight">Quisque at ante sit amet</span> erat laoreet <u>fermentum</u>. Etiam sit amet turpis. Duis nulla diam, posuere ac, varius id, ullamcorper sit amet, libero.</p><p><span class="note">This text is dynamically loaded from the external XML file. This textfield supports HTML and CSS.</span></p>]]></description>
	</photo>
	
	<photo>
		<thumbnail>s_photo_010.jpg</thumbnail>
		<filename>photo_010.jpg</filename>
		<tooltip>Etiam sodales massa</tooltip>
		<description><![CDATA[<p class="subtitle">Etiam sodales massa</p><p><a href="http://www.flashmo.com/donate" target="_blank">Fusce quis diam sit</a> amet tortor luctus pellentesque. <b>Vivamus fermentum</b> orci viverra nisl. In nec magna id ipsum aliquam dictum. Donec euismod enim et risus.</p><p><span class="note">This textfield supports HTML and CSS.</span></p>]]></description>
	</photo>

	<photo>
		<thumbnail>s_photo_011.jpg</thumbnail>
		<filename>photo_011.jpg</filename>
		<tooltip>Etiam fringilla</tooltip>
		<description><![CDATA[<p class="subtitle">Etiam fringilla vestibulum</p><p>In velit urna, <u>convallis id</u>, pharetra in, iaculis sit amet, mi. Praesent consectetur imperdiet mauris. Suspendisse at pede vel lorem pulvinar laoreet. Etiam et neque. Donec dapibus viverra est.</p><p><span class="note">This text is dynamically loaded from the external XML file. This textfield supports HTML and CSS.</span></p>]]></description>
	</photo>
	
	<photo>
		<thumbnail>s_photo_012.jpg</thumbnail>
		<filename>photo_012.jpg</filename>
		<tooltip>Cum sociis natoque</tooltip>
		<description><![CDATA[<p class="subtitle">Cum sociis natoque penatibus</p><p><a href="http://www.flashmo.com/donate" target="_blank">Mauris vestibulum felis</a> eget tortor. Praesent mattis varius quam. Vestibulum ullamcorper ipsum nec augue. Vestibulum auctor odio eget ante. Nunc commodo, magna pharetra semper vehicula, dui ligula feugiat elit, et euismod nunc orci ut libero. <span class="note">Etiam sodales massa vel metus. Mauris et elit quis mauris aliquet luctus.</span></p>]]></description>
	</photo>
	
	<photo>
		<thumbnail>s_photo_013.jpg</thumbnail>
		<filename>photo_013.jpg</filename>
		<tooltip>Fusce non lacus</tooltip>
		<description><![CDATA[<p class="subtitle">Fusce non lacus</p><p>Nunc aliquam, dolor vitae sollicitudin lacinia, nibh orci sagittis diam, dignissim sodales dui erat nec eros. <a href="http://www.flashmo.com" target="_parent">Aenean eleifend</a>, neque hendrerit elementum sodales, odio erat sagittis quam, sed tempor orci magna vitae tellus. Lorem ipsum dolor sit. Fusce quis enim.</p><p><span class="note">Quisque nec nisl. Nam scelerisque cursus dolor.</span></p>]]></description>
	</photo>
	
	<photo>
		<thumbnail>s_photo_014.jpg</thumbnail>
		<filename>photo_014.jpg</filename>
		<tooltip>Praesent consectetur</tooltip>
		<description><![CDATA[<p class="subtitle">Praesent consectetur imperdiet</p><p>In velit urna, convallis id, pharetra in, iaculis sit amet, mi. Praesent consectetur imperdiet mauris. Suspendisse at pede vel lorem pulvinar laoreet. Etiam et neque. <a href="http://www.flashmo.com" target="_parent">Donec dapibus</a> viverra est. Nam lorem tortor, viverra gravida, egestas id, pellentesque in, mi. Praesent consectetur imperdiet mauris. <span class="note">Suspendisse at nisi nec diam pretium tincidunt.</span></p>]]></description>
	</photo>
	
	<photo>
		<thumbnail>s_photo_015.jpg</thumbnail>
		<filename>photo_015.jpg</filename>
		<tooltip>Morbi nec magna</tooltip>
		<description><![CDATA[<p class="subtitle">Morbi nec magna pulvinar</p><p>Lorem ipsum dolor sit amet, consectetur adipiscing elit. <span class="highlight">Quisque at ante sit amet</span> erat laoreet <u>fermentum</u>. Quisque nec nisl. Nam scelerisque cursus dolor. <a href="http://www.flashmo.com" target="_parent">Integer vel sapien quis</a> risus egestas suscipit. Nam lorem tortor, viverra gravida, egestas id, pellentesque in, mi.</p>]]></description>
	</photo>

	<photo>
		<thumbnail>s_photo_016.jpg</thumbnail>
		<filename>photo_016.jpg</filename>
		<tooltip>Suspendisse ac magna</tooltip>
		<description><![CDATA[<p class="subtitle">Suspendisse ac magna quis</p><p><span class="highlight">Quisque at ante sit amet</span> erat laoreet <u>fermentum</u>. Quisque nec nisl. Nam scelerisque cursus dolor. <a href="http://www.flashmo.com" target="_blank">Integer vel sapien quis</a> risus egestas suscipit. Nam lorem tortor, viverra gravida, egestas id, pellentesque in, mi. This text is dynamically loaded from the external XML file. <span class="note">Suspendisse at nisi nec diam pretium tincidunt.</span></p>]]></description>
	</photo>
	
	<photo>
		<thumbnail>s_photo_017.jpg</thumbnail>
		<filename>photo_017.jpg</filename>
		<tooltip>Suspendisse vitae orci</tooltip>
		<description><![CDATA[<p class="subtitle">Suspendisse vitae orci</p><p><a href="http://www.flashmo.com" target="_parent">Lorem ipsum dolor sit amet</a>, consectetur adipiscing elit. <span class="highlight">Quisque at ante sit amet</span> erat laoreet <u>fermentum</u>. Quisque nec nisl. Nam scelerisque cursus dolor. Pellentesque elementum enim a augue. Donec in nisi. Etiam sit amet turpis. Duis nulla diam, posuere ac, varius id, ullamcorper sit amet, libero.</p>]]></description>
	</photo>
	
	<photo>
		<thumbnail>s_photo_018.jpg</thumbnail>
		<filename>photo_018.jpg</filename>
		<tooltip>Aenean eleifend</tooltip>
		<description><![CDATA[<p class="subtitle">Aenean eleifend</p><p><a href="http://www.flashmo.com/donate" target="_blank">Fusce quis diam sit</a> amet tortor luctus pellentesque. Donec accumsan urna non elit tristique mattis. <b>Vivamus fermentum</b> orci viverra nisl. In nec magna id ipsum aliquam dictum. Maecenas sodales pede eu massa. Fusce lacinia orci at nisi. This textfield supports HTML and CSS. <span class="note">Donec euismod enim et risus.</span></p>]]></description>
	</photo>
	
	<photo>
		<thumbnail>s_photo_019.jpg</thumbnail>
		<filename>photo_019.jpg</filename>
		<tooltip>Donec accumsan urna</tooltip>
		<description><![CDATA[<p class="subtitle">Donec accumsan urna</p><p>In velit urna, <u>convallis id</u>, pharetra in, iaculis sit amet, mi. Etiam et neque. Donec dapibus viverra est.</p>]]></description>
	</photo>
	
	<photo>
		<thumbnail>s_photo_020.jpg</thumbnail>
		<filename>photo_020.jpg</filename>
		<tooltip>Vivamus fermentum</tooltip>
		<description><![CDATA[<p class="subtitle">Vivamus fermentum</p><p><a href="http://www.flashmo.com/donate" target="_blank">Mauris vestibulum felis</a> eget tortor. <b>Praesent</b> mattis varius quam. Nunc eget urna. Mauris vestibulum felis eget tortor. Praesent mattis varius quam. Vestibulum ullamcorper ipsum nec augue. Vestibulum auctor odio eget ante. Nunc commodo, magna pharetra semper vehicula, dui ligula feugiat elit, et euismod nunc orci ut libero.</p>]]></description>
	</photo>
		
	<photo>
		<thumbnail>s_photo_001.jpg</thumbnail>
		<filename>photo_001.jpg</filename>
		<tooltip>Quisque at ante sit</tooltip>
		<description><![CDATA[<p class="subtitle">Quisque at ante sit amet</p><p><a href="http://www.flashmo.com" target="_parent">Lorem ipsum dolor sit amet</a>, consectetur adipiscing elit. <span class="highlight">Quisque at ante sit amet</span> erat laoreet <u>fermentum</u>. Quisque nec nisl. Nam scelerisque cursus dolor. Duis nulla diam, posuere ac, varius id, ullamcorper sit amet, libero.</p><p><span class="note">This text is dynamically loaded from the external XML file. This textfield supports HTML and CSS.</span></p>]]></description>
	</photo>
	
	<photo>
		<thumbnail>s_photo_002.jpg</thumbnail>
		<filename>photo_002.jpg</filename>
		<tooltip>Donec mattis egestas</tooltip>
		<description><![CDATA[<p class="subtitle">Donec mattis egestas sem</p><p><a href="http://www.flashmo.com/donate" target="_blank">Fusce quis diam sit</a> amet tortor luctus pellentesque. Donec accumsan urna non elit tristique mattis. <b>Vivamus fermentum</b> orci viverra nisl. In nec magna id ipsum aliquam dictum. Quisque nec nisl.</p>]]></description>
	</photo>
	
	<photo>
		<thumbnail>s_photo_003.jpg</thumbnail>
		<filename>photo_003.jpg</filename>
		<tooltip>Mauris congue felis</tooltip>
		<description><![CDATA[<p class="subtitle">Mauris congue felis at nisi</p><p>In velit urna, <u>convallis id</u>, pharetra in, iaculis sit amet, mi. Praesent consectetur imperdiet mauris. Suspendisse at pede vel lorem pulvinar laoreet. Etiam et neque. Donec dapibus viverra est.</p><p><span class="note">This text is dynamically loaded from the external XML file. This textfield supports HTML and CSS.</span></p>]]></description>
	</photo>
	
	<photo>
		<thumbnail>s_photo_004.jpg</thumbnail>
		<filename>photo_004.jpg</filename>
		<tooltip>Nulla et nunc commodo</tooltip>
		<description><![CDATA[<p class="subtitle">Nulla et nunc commodo ante</p><p><a href="http://www.flashmo.com/donate" target="_blank">Mauris vestibulum felis</a> eget tortor. Praesent mattis varius quam. Vestibulum ullamcorper ipsum nec augue. Vestibulum auctor odio eget ante. Nunc commodo, magna pharetra semper vehicula, dui ligula feugiat elit, et euismod nunc orci ut libero. Etiam sodales massa vel metus. <span class="note">Mauris et elit quis mauris aliquet luctus.</span></p>]]></description>
	</photo>
	
	<photo>
		<thumbnail>s_photo_005.jpg</thumbnail>
		<filename>photo_005.jpg</filename>
		<tooltip>Lorem ipsum dolor</tooltip>
		<description><![CDATA[<p class="subtitle">Lorem ipsum dolor sit amet</p><p>Nunc aliquam, dolor vitae sollicitudin lacinia, nibh orci sagittis diam, dignissim sodales dui erat nec eros. Fusce quis enim. <a href="http://www.flashmo.com" target="_parent">Aenean eleifend</a>, neque hendrerit elementum sodales, , sed tempor vitae tellus.</p>]]></description>
	</photo>

	<photo>
		<thumbnail>s_photo_006.jpg</thumbnail>
		<filename>photo_006.jpg</filename>
		<tooltip>Aliquam pretium porta</tooltip>
		<description><![CDATA[<p class="subtitle">Aliquam pretium porta odio</p><p>Praesent consectetur imperdiet mauris. Suspendisse at pede vel lorem pulvinar laoreet. <a href="http://www.flashmo.com" target="_parent">Donec dapibus</a> viverra est. Pellentesque elementum enim a augue in nisi.</p><p><span class="highlight">Nunc commodo, magna pharetra semper vehicula, dui ligula feugiat elit, et euismod nunc orci ut libero.</span></p>]]></description>
	</photo>
	
	<photo>
		<thumbnail>s_photo_007.jpg</thumbnail>
		<filename>photo_007.jpg</filename>
		<tooltip>Cras nulla sem</tooltip>
		<description><![CDATA[<p class="subtitle">Cras nulla sem</p><p>Lorem ipsum dolor sit amet, consectetur adipiscing elit. <span class="highlight">Quisque at ante sit amet</span> erat laoreet <u>fermentum</u>. Quisque nec nisl. Nam scelerisque cursus dolor. <a href="http://www.flashmo.com" target="_parent">Integer vel sapien quis</a> risus egestas suscipit. Nam lorem tortor, viverra gravida, egestas id, pellentesque in, mi. <span class="note">Suspendisse at nisi nec diam pretium tincidunt.</span></p>]]></description>
	</photo>
	
	<photo>
		<thumbnail>s_photo_008.jpg</thumbnail>
		<filename>photo_008.jpg</filename>
		<tooltip>Pellentesque leo lacus</tooltip>
		<description><![CDATA[<p class="subtitle">Pellentesque leo lacus</p><p><span class="highlight">Quisque at ante sit amet</span> erat laoreet <u>fermentum</u>. Quisque nec nisl. Nam scelerisque cursus dolor. <a href="http://www.flashmo.com" target="_blank">Integer vel sapien quis</a> risus egestas suscipit. Nam lorem tortor, viverra gravida, egestas id, pellentesque in, mi. Praesent consectetur imperdiet mauris. <span class="note">Suspendisse at nisi nec diam pretium tincidunt.</span></p>]]></description>
	</photo>
	
	<photo>
		<thumbnail>s_photo_009.jpg</thumbnail>
		<filename>photo_009.jpg</filename>
		<tooltip>Duis faucibus</tooltip>
		<description><![CDATA[<p class="subtitle">Duis faucibus</p><p><a href="http://www.flashmo.com" target="_parent">Lorem ipsum dolor sit amet</a>, consectetur adipiscing elit. <span class="highlight">Quisque at ante sit amet</span> erat laoreet <u>fermentum</u>. Etiam sit amet turpis. Duis nulla diam, posuere ac, varius id, ullamcorper sit amet, libero.</p><p><span class="note">This text is dynamically loaded from the external XML file. This textfield supports HTML and CSS.</span></p>]]></description>
	</photo>
	
	<photo>
		<thumbnail>s_photo_010.jpg</thumbnail>
		<filename>photo_010.jpg</filename>
		<tooltip>Etiam sodales massa</tooltip>
		<description><![CDATA[<p class="subtitle">Etiam sodales massa</p><p><a href="http://www.flashmo.com/donate" target="_blank">Fusce quis diam sit</a> amet tortor luctus pellentesque. <b>Vivamus fermentum</b> orci viverra nisl. In nec magna id ipsum aliquam dictum. Donec euismod enim et risus.</p><p><span class="note">This textfield supports HTML and CSS.</span></p>]]></description>
	</photo>

	<photo>
		<thumbnail>s_photo_011.jpg</thumbnail>
		<filename>photo_011.jpg</filename>
		<tooltip>Etiam fringilla</tooltip>
		<description><![CDATA[<p class="subtitle">Etiam fringilla vestibulum</p><p>In velit urna, <u>convallis id</u>, pharetra in, iaculis sit amet, mi. Praesent consectetur imperdiet mauris. Suspendisse at pede vel lorem pulvinar laoreet. Etiam et neque. Donec dapibus viverra est.</p><p><span class="note">This text is dynamically loaded from the external XML file. This textfield supports HTML and CSS.</span></p>]]></description>
	</photo>
	
	<photo>
		<thumbnail>s_photo_012.jpg</thumbnail>
		<filename>photo_012.jpg</filename>
		<tooltip>Cum sociis natoque</tooltip>
		<description><![CDATA[<p class="subtitle">Cum sociis natoque penatibus</p><p><a href="http://www.flashmo.com/donate" target="_blank">Mauris vestibulum felis</a> eget tortor. Praesent mattis varius quam. Vestibulum ullamcorper ipsum nec augue. Vestibulum auctor odio eget ante. Nunc commodo, magna pharetra semper vehicula, dui ligula feugiat elit, et euismod nunc orci ut libero. <span class="note">Etiam sodales massa vel metus. Mauris et elit quis mauris aliquet luctus.</span></p>]]></description>
	</photo>
	
	<photo>
		<thumbnail>s_photo_013.jpg</thumbnail>
		<filename>photo_013.jpg</filename>
		<tooltip>Fusce non lacus</tooltip>
		<description><![CDATA[<p class="subtitle">Fusce non lacus</p><p>Nunc aliquam, dolor vitae sollicitudin lacinia, nibh orci sagittis diam, dignissim sodales dui erat nec eros. <a href="http://www.flashmo.com" target="_parent">Aenean eleifend</a>, neque hendrerit elementum sodales, odio erat sagittis quam, sed tempor orci magna vitae tellus. Lorem ipsum dolor sit. Fusce quis enim.</p><p><span class="note">Quisque nec nisl. Nam scelerisque cursus dolor.</span></p>]]></description>
	</photo>
	
	<photo>
		<thumbnail>s_photo_014.jpg</thumbnail>
		<filename>photo_014.jpg</filename>
		<tooltip>Praesent consectetur</tooltip>
		<description><![CDATA[<p class="subtitle">Praesent consectetur imperdiet</p><p>In velit urna, convallis id, pharetra in, iaculis sit amet, mi. Praesent consectetur imperdiet mauris. Suspendisse at pede vel lorem pulvinar laoreet. Etiam et neque. <a href="http://www.flashmo.com" target="_parent">Donec dapibus</a> viverra est. Nam lorem tortor, viverra gravida, egestas id, pellentesque in, mi. Praesent consectetur imperdiet mauris. <span class="note">Suspendisse at nisi nec diam pretium tincidunt.</span></p>]]></description>
	</photo>
	
	<photo>
		<thumbnail>s_photo_015.jpg</thumbnail>
		<filename>photo_015.jpg</filename>
		<tooltip>Morbi nec magna</tooltip>
		<description><![CDATA[<p class="subtitle">Morbi nec magna pulvinar</p><p>Lorem ipsum dolor sit amet, consectetur adipiscing elit. <span class="highlight">Quisque at ante sit amet</span> erat laoreet <u>fermentum</u>. Quisque nec nisl. Nam scelerisque cursus dolor. <a href="http://www.flashmo.com" target="_parent">Integer vel sapien quis</a> risus egestas suscipit. Nam lorem tortor, viverra gravida, egestas id, pellentesque in, mi.</p>]]></description>
	</photo>
	
	<photo>
		<thumbnail>s_photo_006.jpg</thumbnail>
		<filename>photo_006.jpg</filename>
		<tooltip>Aliquam pretium porta</tooltip>
		<description><![CDATA[<p class="subtitle">Aliquam pretium porta odio</p><p>Praesent consectetur imperdiet mauris. Suspendisse at pede vel lorem pulvinar laoreet. <a href="http://www.flashmo.com" target="_parent">Donec dapibus</a> viverra est. Pellentesque elementum enim a augue in nisi.</p><p><span class="highlight">Nunc commodo, magna pharetra semper vehicula, dui ligula feugiat elit, et euismod nunc orci ut libero.</span></p>]]></description>
	</photo>
	
	<photo>
		<thumbnail>s_photo_007.jpg</thumbnail>
		<filename>photo_007.jpg</filename>
		<tooltip>Cras nulla sem</tooltip>
		<description><![CDATA[<p class="subtitle">Cras nulla sem</p><p>Lorem ipsum dolor sit amet, consectetur adipiscing elit. <span class="highlight">Quisque at ante sit amet</span> erat laoreet <u>fermentum</u>. Quisque nec nisl. Nam scelerisque cursus dolor. <a href="http://www.flashmo.com" target="_parent">Integer vel sapien quis</a> risus egestas suscipit. Nam lorem tortor, viverra gravida, egestas id, pellentesque in, mi. <span class="note">Suspendisse at nisi nec diam pretium tincidunt.</span></p>]]></description>
	</photo>
	
	<photo>
		<thumbnail>s_photo_008.jpg</thumbnail>
		<filename>photo_008.jpg</filename>
		<tooltip>Pellentesque leo lacus</tooltip>
		<description><![CDATA[<p class="subtitle">Pellentesque leo lacus</p><p><span class="highlight">Quisque at ante sit amet</span> erat laoreet <u>fermentum</u>. Quisque nec nisl. Nam scelerisque cursus dolor. <a href="http://www.flashmo.com" target="_blank">Integer vel sapien quis</a> risus egestas suscipit. Nam lorem tortor, viverra gravida, egestas id, pellentesque in, mi. Praesent consectetur imperdiet mauris. <span class="note">Suspendisse at nisi nec diam pretium tincidunt.</span></p>]]></description>
	</photo>
	
	<photo>
		<thumbnail>s_photo_009.jpg</thumbnail>
		<filename>photo_009.jpg</filename>
		<tooltip>Duis faucibus</tooltip>
		<description><![CDATA[<p class="subtitle">Duis faucibus</p><p><a href="http://www.flashmo.com" target="_parent">Lorem ipsum dolor sit amet</a>, consectetur adipiscing elit. <span class="highlight">Quisque at ante sit amet</span> erat laoreet <u>fermentum</u>. Etiam sit amet turpis. Duis nulla diam, posuere ac, varius id, ullamcorper sit amet, libero.</p><p><span class="note">This text is dynamically loaded from the external XML file. This textfield supports HTML and CSS.</span></p>]]></description>
	</photo>
	
	<photo>
		<thumbnail>s_photo_010.jpg</thumbnail>
		<filename>photo_010.jpg</filename>
		<tooltip>Etiam sodales massa</tooltip>
		<description><![CDATA[<p class="subtitle">Etiam sodales massa</p><p><a href="http://www.flashmo.com/donate" target="_blank">Fusce quis diam sit</a> amet tortor luctus pellentesque. <b>Vivamus fermentum</b> orci viverra nisl. In nec magna id ipsum aliquam dictum. Donec euismod enim et risus.</p><p><span class="note">This textfield supports HTML and CSS.</span></p>]]></description>
	</photo>

	<photo>
		<thumbnail>s_photo_016.jpg</thumbnail>
		<filename>photo_016.jpg</filename>
		<tooltip>Suspendisse ac magna</tooltip>
		<description><![CDATA[<p class="subtitle">Suspendisse ac magna quis</p><p><span class="highlight">Quisque at ante sit amet</span> erat laoreet <u>fermentum</u>. Quisque nec nisl. Nam scelerisque cursus dolor. <a href="http://www.flashmo.com" target="_blank">Integer vel sapien quis</a> risus egestas suscipit. Nam lorem tortor, viverra gravida, egestas id, pellentesque in, mi. This text is dynamically loaded from the external XML file. <span class="note">Suspendisse at nisi nec diam pretium tincidunt.</span></p>]]></description>
	</photo>
	
	<photo>
		<thumbnail>s_photo_017.jpg</thumbnail>
		<filename>photo_017.jpg</filename>
		<tooltip>Suspendisse vitae orci</tooltip>
		<description><![CDATA[<p class="subtitle">Suspendisse vitae orci</p><p><a href="http://www.flashmo.com" target="_parent">Lorem ipsum dolor sit amet</a>, consectetur adipiscing elit. <span class="highlight">Quisque at ante sit amet</span> erat laoreet <u>fermentum</u>. Quisque nec nisl. Nam scelerisque cursus dolor. Pellentesque elementum enim a augue. Donec in nisi. Etiam sit amet turpis. Duis nulla diam, posuere ac, varius id, ullamcorper sit amet, libero.</p>]]></description>
	</photo>
	
	<photo>
		<thumbnail>s_photo_018.jpg</thumbnail>
		<filename>photo_018.jpg</filename>
		<tooltip>Aenean eleifend</tooltip>
		<description><![CDATA[<p class="subtitle">Aenean eleifend</p><p><a href="http://www.flashmo.com/donate" target="_blank">Fusce quis diam sit</a> amet tortor luctus pellentesque. Donec accumsan urna non elit tristique mattis. <b>Vivamus fermentum</b> orci viverra nisl. In nec magna id ipsum aliquam dictum. Maecenas sodales pede eu massa. Fusce lacinia orci at nisi. This textfield supports HTML and CSS. <span class="note">Donec euismod enim et risus.</span></p>]]></description>
	</photo>
	
	<photo>
		<thumbnail>s_photo_019.jpg</thumbnail>
		<filename>photo_019.jpg</filename>
		<tooltip>Donec accumsan urna</tooltip>
		<description><![CDATA[<p class="subtitle">Donec accumsan urna</p><p>In velit urna, <u>convallis id</u>, pharetra in, iaculis sit amet, mi. Etiam et neque. Donec dapibus viverra est.</p>]]></description>
	</photo>
	
	<photo>
		<thumbnail>s_photo_020.jpg</thumbnail>
		<filename>photo_020.jpg</filename>
		<tooltip>Vivamus fermentum</tooltip>
		<description><![CDATA[<p class="subtitle">Vivamus fermentum</p><p><a href="http://www.flashmo.com/donate" target="_blank">Mauris vestibulum felis</a> eget tortor. <b>Praesent</b> mattis varius quam. Nunc eget urna. Mauris vestibulum felis eget tortor. Praesent mattis varius quam. Vestibulum ullamcorper ipsum nec augue. Vestibulum auctor odio eget ante. Nunc commodo, magna pharetra semper vehicula, dui ligula feugiat elit, et euismod nunc orci ut libero.</p>]]></description>
	</photo>
		
	<photo>
		<thumbnail>s_photo_001.jpg</thumbnail>
		<filename>photo_001.jpg</filename>
		<tooltip>Quisque at ante sit</tooltip>
		<description><![CDATA[<p class="subtitle">Quisque at ante sit amet</p><p><a href="http://www.flashmo.com" target="_parent">Lorem ipsum dolor sit amet</a>, consectetur adipiscing elit. <span class="highlight">Quisque at ante sit amet</span> erat laoreet <u>fermentum</u>. Quisque nec nisl. Nam scelerisque cursus dolor. Duis nulla diam, posuere ac, varius id, ullamcorper sit amet, libero.</p><p><span class="note">This text is dynamically loaded from the external XML file. This textfield supports HTML and CSS.</span></p>]]></description>
	</photo>
	
	<photo>
		<thumbnail>s_photo_002.jpg</thumbnail>
		<filename>photo_002.jpg</filename>
		<tooltip>Donec mattis egestas</tooltip>
		<description><![CDATA[<p class="subtitle">Donec mattis egestas sem</p><p><a href="http://www.flashmo.com/donate" target="_blank">Fusce quis diam sit</a> amet tortor luctus pellentesque. Donec accumsan urna non elit tristique mattis. <b>Vivamus fermentum</b> orci viverra nisl. In nec magna id ipsum aliquam dictum. Quisque nec nisl.</p>]]></description>
	</photo>
	
	<photo>
		<thumbnail>s_photo_003.jpg</thumbnail>
		<filename>photo_003.jpg</filename>
		<tooltip>Mauris congue felis</tooltip>
		<description><![CDATA[<p class="subtitle">Mauris congue felis at nisi</p><p>In velit urna, <u>convallis id</u>, pharetra in, iaculis sit amet, mi. Praesent consectetur imperdiet mauris. Suspendisse at pede vel lorem pulvinar laoreet. Etiam et neque. Donec dapibus viverra est.</p><p><span class="note">This text is dynamically loaded from the external XML file. This textfield supports HTML and CSS.</span></p>]]></description>
	</photo>
	
	<photo>
		<thumbnail>s_photo_004.jpg</thumbnail>
		<filename>photo_004.jpg</filename>
		<tooltip>Nulla et nunc commodo</tooltip>
		<description><![CDATA[<p class="subtitle">Nulla et nunc commodo ante</p><p><a href="http://www.flashmo.com/donate" target="_blank">Mauris vestibulum felis</a> eget tortor. Praesent mattis varius quam. Vestibulum ullamcorper ipsum nec augue. Vestibulum auctor odio eget ante. Nunc commodo, magna pharetra semper vehicula, dui ligula feugiat elit, et euismod nunc orci ut libero. Etiam sodales massa vel metus. <span class="note">Mauris et elit quis mauris aliquet luctus.</span></p>]]></description>
	</photo>
	
	<photo>
		<thumbnail>s_photo_005.jpg</thumbnail>
		<filename>photo_005.jpg</filename>
		<tooltip>Lorem ipsum dolor</tooltip>
		<description><![CDATA[<p class="subtitle">Lorem ipsum dolor sit amet</p><p>Nunc aliquam, dolor vitae sollicitudin lacinia, nibh orci sagittis diam, dignissim sodales dui erat nec eros. Fusce quis enim. <a href="http://www.flashmo.com" target="_parent">Aenean eleifend</a>, neque hendrerit elementum sodales, , sed tempor vitae tellus.</p>]]></description>
	</photo>

	<photo>
		<thumbnail>s_photo_011.jpg</thumbnail>
		<filename>photo_011.jpg</filename>
		<tooltip>Etiam fringilla</tooltip>
		<description><![CDATA[<p class="subtitle">Etiam fringilla vestibulum</p><p>In velit urna, <u>convallis id</u>, pharetra in, iaculis sit amet, mi. Praesent consectetur imperdiet mauris. Suspendisse at pede vel lorem pulvinar laoreet. Etiam et neque. Donec dapibus viverra est.</p><p><span class="note">This text is dynamically loaded from the external XML file. This textfield supports HTML and CSS.</span></p>]]></description>
	</photo>
	
	<photo>
		<thumbnail>s_photo_012.jpg</thumbnail>
		<filename>photo_012.jpg</filename>
		<tooltip>Cum sociis natoque</tooltip>
		<description><![CDATA[<p class="subtitle">Cum sociis natoque penatibus</p><p><a href="http://www.flashmo.com/donate" target="_blank">Mauris vestibulum felis</a> eget tortor. Praesent mattis varius quam. Vestibulum ullamcorper ipsum nec augue. Vestibulum auctor odio eget ante. Nunc commodo, magna pharetra semper vehicula, dui ligula feugiat elit, et euismod nunc orci ut libero. <span class="note">Etiam sodales massa vel metus. Mauris et elit quis mauris aliquet luctus.</span></p>]]></description>
	</photo>
	
	<photo>
		<thumbnail>s_photo_013.jpg</thumbnail>
		<filename>photo_013.jpg</filename>
		<tooltip>Fusce non lacus</tooltip>
		<description><![CDATA[<p class="subtitle">Fusce non lacus</p><p>Nunc aliquam, dolor vitae sollicitudin lacinia, nibh orci sagittis diam, dignissim sodales dui erat nec eros. <a href="http://www.flashmo.com" target="_parent">Aenean eleifend</a>, neque hendrerit elementum sodales, odio erat sagittis quam, sed tempor orci magna vitae tellus. Lorem ipsum dolor sit. Fusce quis enim.</p><p><span class="note">Quisque nec nisl. Nam scelerisque cursus dolor.</span></p>]]></description>
	</photo>
	
	<photo>
		<thumbnail>s_photo_014.jpg</thumbnail>
		<filename>photo_014.jpg</filename>
		<tooltip>Praesent consectetur</tooltip>
		<description><![CDATA[<p class="subtitle">Praesent consectetur imperdiet</p><p>In velit urna, convallis id, pharetra in, iaculis sit amet, mi. Praesent consectetur imperdiet mauris. Suspendisse at pede vel lorem pulvinar laoreet. Etiam et neque. <a href="http://www.flashmo.com" target="_parent">Donec dapibus</a> viverra est. Nam lorem tortor, viverra gravida, egestas id, pellentesque in, mi. Praesent consectetur imperdiet mauris. <span class="note">Suspendisse at nisi nec diam pretium tincidunt.</span></p>]]></description>
	</photo>
	
	<photo>
		<thumbnail>s_photo_015.jpg</thumbnail>
		<filename>photo_015.jpg</filename>
		<tooltip>Morbi nec magna</tooltip>
		<description><![CDATA[<p class="subtitle">Morbi nec magna pulvinar</p><p>Lorem ipsum dolor sit amet, consectetur adipiscing elit. <span class="highlight">Quisque at ante sit amet</span> erat laoreet <u>fermentum</u>. Quisque nec nisl. Nam scelerisque cursus dolor. <a href="http://www.flashmo.com" target="_parent">Integer vel sapien quis</a> risus egestas suscipit. Nam lorem tortor, viverra gravida, egestas id, pellentesque in, mi.</p>]]></description>
	</photo>

	<photo>
		<thumbnail>s_photo_016.jpg</thumbnail>
		<filename>photo_016.jpg</filename>
		<tooltip>Suspendisse ac magna</tooltip>
		<description><![CDATA[<p class="subtitle">Suspendisse ac magna quis</p><p><span class="highlight">Quisque at ante sit amet</span> erat laoreet <u>fermentum</u>. Quisque nec nisl. Nam scelerisque cursus dolor. <a href="http://www.flashmo.com" target="_blank">Integer vel sapien quis</a> risus egestas suscipit. Nam lorem tortor, viverra gravida, egestas id, pellentesque in, mi. This text is dynamically loaded from the external XML file. <span class="note">Suspendisse at nisi nec diam pretium tincidunt.</span></p>]]></description>
	</photo>
	
	<photo>
		<thumbnail>s_photo_017.jpg</thumbnail>
		<filename>photo_017.jpg</filename>
		<tooltip>Suspendisse vitae orci</tooltip>
		<description><![CDATA[<p class="subtitle">Suspendisse vitae orci</p><p><a href="http://www.flashmo.com" target="_parent">Lorem ipsum dolor sit amet</a>, consectetur adipiscing elit. <span class="highlight">Quisque at ante sit amet</span> erat laoreet <u>fermentum</u>. Quisque nec nisl. Nam scelerisque cursus dolor. Pellentesque elementum enim a augue. Donec in nisi. Etiam sit amet turpis. Duis nulla diam, posuere ac, varius id, ullamcorper sit amet, libero.</p>]]></description>
	</photo>
	
	<photo>
		<thumbnail>s_photo_018.jpg</thumbnail>
		<filename>photo_018.jpg</filename>
		<tooltip>Aenean eleifend</tooltip>
		<description><![CDATA[<p class="subtitle">Aenean eleifend</p><p><a href="http://www.flashmo.com/donate" target="_blank">Fusce quis diam sit</a> amet tortor luctus pellentesque. Donec accumsan urna non elit tristique mattis. <b>Vivamus fermentum</b> orci viverra nisl. In nec magna id ipsum aliquam dictum. Maecenas sodales pede eu massa. Fusce lacinia orci at nisi. This textfield supports HTML and CSS. <span class="note">Donec euismod enim et risus.</span></p>]]></description>
	</photo>
	
	<photo>
		<thumbnail>s_photo_019.jpg</thumbnail>
		<filename>photo_019.jpg</filename>
		<tooltip>Donec accumsan urna</tooltip>
		<description><![CDATA[<p class="subtitle">Donec accumsan urna</p><p>In velit urna, <u>convallis id</u>, pharetra in, iaculis sit amet, mi. Etiam et neque. Donec dapibus viverra est.</p>]]></description>
	</photo>
	
	<photo>
		<thumbnail>s_photo_020.jpg</thumbnail>
		<filename>photo_020.jpg</filename>
		<tooltip>Vivamus fermentum</tooltip>
		<description><![CDATA[<p class="subtitle">Vivamus fermentum</p><p><a href="http://www.flashmo.com/donate" target="_blank">Mauris vestibulum felis</a> eget tortor. <b>Praesent</b> mattis varius quam. Nunc eget urna. Mauris vestibulum felis eget tortor. Praesent mattis varius quam. Vestibulum ullamcorper ipsum nec augue. Vestibulum auctor odio eget ante. Nunc commodo, magna pharetra semper vehicula, dui ligula feugiat elit, et euismod nunc orci ut libero.</p>]]></description>
	</photo>
		
	<photo>
		<thumbnail>s_photo_001.jpg</thumbnail>
		<filename>photo_001.jpg</filename>
		<tooltip>Quisque at ante sit</tooltip>
		<description><![CDATA[<p class="subtitle">Quisque at ante sit amet</p><p><a href="http://www.flashmo.com" target="_parent">Lorem ipsum dolor sit amet</a>, consectetur adipiscing elit. <span class="highlight">Quisque at ante sit amet</span> erat laoreet <u>fermentum</u>. Quisque nec nisl. Nam scelerisque cursus dolor. Duis nulla diam, posuere ac, varius id, ullamcorper sit amet, libero.</p><p><span class="note">This text is dynamically loaded from the external XML file. This textfield supports HTML and CSS.</span></p>]]></description>
	</photo>
	
	<photo>
		<thumbnail>s_photo_002.jpg</thumbnail>
		<filename>photo_002.jpg</filename>
		<tooltip>Donec mattis egestas</tooltip>
		<description><![CDATA[<p class="subtitle">Donec mattis egestas sem</p><p><a href="http://www.flashmo.com/donate" target="_blank">Fusce quis diam sit</a> amet tortor luctus pellentesque. Donec accumsan urna non elit tristique mattis. <b>Vivamus fermentum</b> orci viverra nisl. In nec magna id ipsum aliquam dictum. Quisque nec nisl.</p>]]></description>
	</photo>
	
	<photo>
		<thumbnail>s_photo_003.jpg</thumbnail>
		<filename>photo_003.jpg</filename>
		<tooltip>Mauris congue felis</tooltip>
		<description><![CDATA[<p class="subtitle">Mauris congue felis at nisi</p><p>In velit urna, <u>convallis id</u>, pharetra in, iaculis sit amet, mi. Praesent consectetur imperdiet mauris. Suspendisse at pede vel lorem pulvinar laoreet. Etiam et neque. Donec dapibus viverra est.</p><p><span class="note">This text is dynamically loaded from the external XML file. This textfield supports HTML and CSS.</span></p>]]></description>
	</photo>
	
	<photo>
		<thumbnail>s_photo_004.jpg</thumbnail>
		<filename>photo_004.jpg</filename>
		<tooltip>Nulla et nunc commodo</tooltip>
		<description><![CDATA[<p class="subtitle">Nulla et nunc commodo ante</p><p><a href="http://www.flashmo.com/donate" target="_blank">Mauris vestibulum felis</a> eget tortor. Praesent mattis varius quam. Vestibulum ullamcorper ipsum nec augue. Vestibulum auctor odio eget ante. Nunc commodo, magna pharetra semper vehicula, dui ligula feugiat elit, et euismod nunc orci ut libero. Etiam sodales massa vel metus. <span class="note">Mauris et elit quis mauris aliquet luctus.</span></p>]]></description>
	</photo>
	
	<photo>
		<thumbnail>s_photo_005.jpg</thumbnail>
		<filename>photo_005.jpg</filename>
		<tooltip>Lorem ipsum dolor</tooltip>
		<description><![CDATA[<p class="subtitle">Lorem ipsum dolor sit amet</p><p>Nunc aliquam, dolor vitae sollicitudin lacinia, nibh orci sagittis diam, dignissim sodales dui erat nec eros. Fusce quis enim. <a href="http://www.flashmo.com" target="_parent">Aenean eleifend</a>, neque hendrerit elementum sodales, , sed tempor vitae tellus.</p>]]></description>
	</photo>

	<photo>
		<thumbnail>s_photo_006.jpg</thumbnail>
		<filename>photo_006.jpg</filename>
		<tooltip>Aliquam pretium porta</tooltip>
		<description><![CDATA[<p class="subtitle">Aliquam pretium porta odio</p><p>Praesent consectetur imperdiet mauris. Suspendisse at pede vel lorem pulvinar laoreet. <a href="http://www.flashmo.com" target="_parent">Donec dapibus</a> viverra est. Pellentesque elementum enim a augue in nisi.</p><p><span class="highlight">Nunc commodo, magna pharetra semper vehicula, dui ligula feugiat elit, et euismod nunc orci ut libero.</span></p>]]></description>
	</photo>
	
	<photo>
		<thumbnail>s_photo_007.jpg</thumbnail>
		<filename>photo_007.jpg</filename>
		<tooltip>Cras nulla sem</tooltip>
		<description><![CDATA[<p class="subtitle">Cras nulla sem</p><p>Lorem ipsum dolor sit amet, consectetur adipiscing elit. <span class="highlight">Quisque at ante sit amet</span> erat laoreet <u>fermentum</u>. Quisque nec nisl. Nam scelerisque cursus dolor. <a href="http://www.flashmo.com" target="_parent">Integer vel sapien quis</a> risus egestas suscipit. Nam lorem tortor, viverra gravida, egestas id, pellentesque in, mi. <span class="note">Suspendisse at nisi nec diam pretium tincidunt.</span></p>]]></description>
	</photo>
	
	<photo>
		<thumbnail>s_photo_008.jpg</thumbnail>
		<filename>photo_008.jpg</filename>
		<tooltip>Pellentesque leo lacus</tooltip>
		<description><![CDATA[<p class="subtitle">Pellentesque leo lacus</p><p><span class="highlight">Quisque at ante sit amet</span> erat laoreet <u>fermentum</u>. Quisque nec nisl. Nam scelerisque cursus dolor. <a href="http://www.flashmo.com" target="_blank">Integer vel sapien quis</a> risus egestas suscipit. Nam lorem tortor, viverra gravida, egestas id, pellentesque in, mi. Praesent consectetur imperdiet mauris. <span class="note">Suspendisse at nisi nec diam pretium tincidunt.</span></p>]]></description>
	</photo>
	
	<photo>
		<thumbnail>s_photo_009.jpg</thumbnail>
		<filename>photo_009.jpg</filename>
		<tooltip>Duis faucibus</tooltip>
		<description><![CDATA[<p class="subtitle">Duis faucibus</p><p><a href="http://www.flashmo.com" target="_parent">Lorem ipsum dolor sit amet</a>, consectetur adipiscing elit. <span class="highlight">Quisque at ante sit amet</span> erat laoreet <u>fermentum</u>. Etiam sit amet turpis. Duis nulla diam, posuere ac, varius id, ullamcorper sit amet, libero.</p><p><span class="note">This text is dynamically loaded from the external XML file. This textfield supports HTML and CSS.</span></p>]]></description>
	</photo>
	
	<photo>
		<thumbnail>s_photo_016.jpg</thumbnail>
		<filename>photo_016.jpg</filename>
		<tooltip>Suspendisse ac magna</tooltip>
		<description><![CDATA[<p class="subtitle">Suspendisse ac magna quis</p><p><span class="highlight">Quisque at ante sit amet</span> erat laoreet <u>fermentum</u>. Quisque nec nisl. Nam scelerisque cursus dolor. <a href="http://www.flashmo.com" target="_blank">Integer vel sapien quis</a> risus egestas suscipit. Nam lorem tortor, viverra gravida, egestas id, pellentesque in, mi. This text is dynamically loaded from the external XML file. <span class="note">Suspendisse at nisi nec diam pretium tincidunt.</span></p>]]></description>
	</photo>
	
	<photo>
		<thumbnail>s_photo_017.jpg</thumbnail>
		<filename>photo_017.jpg</filename>
		<tooltip>Suspendisse vitae orci</tooltip>
		<description><![CDATA[<p class="subtitle">Suspendisse vitae orci</p><p><a href="http://www.flashmo.com" target="_parent">Lorem ipsum dolor sit amet</a>, consectetur adipiscing elit. <span class="highlight">Quisque at ante sit amet</span> erat laoreet <u>fermentum</u>. Quisque nec nisl. Nam scelerisque cursus dolor. Pellentesque elementum enim a augue. Donec in nisi. Etiam sit amet turpis. Duis nulla diam, posuere ac, varius id, ullamcorper sit amet, libero.</p>]]></description>
	</photo>
	
	<photo>
		<thumbnail>s_photo_018.jpg</thumbnail>
		<filename>photo_018.jpg</filename>
		<tooltip>Aenean eleifend</tooltip>
		<description><![CDATA[<p class="subtitle">Aenean eleifend</p><p><a href="http://www.flashmo.com/donate" target="_blank">Fusce quis diam sit</a> amet tortor luctus pellentesque. Donec accumsan urna non elit tristique mattis. <b>Vivamus fermentum</b> orci viverra nisl. In nec magna id ipsum aliquam dictum. Maecenas sodales pede eu massa. Fusce lacinia orci at nisi. This textfield supports HTML and CSS. <span class="note">Donec euismod enim et risus.</span></p>]]></description>
	</photo>
	
	<photo>
		<thumbnail>s_photo_019.jpg</thumbnail>
		<filename>photo_019.jpg</filename>
		<tooltip>Donec accumsan urna</tooltip>
		<description><![CDATA[<p class="subtitle">Donec accumsan urna</p><p>In velit urna, <u>convallis id</u>, pharetra in, iaculis sit amet, mi. Etiam et neque. Donec dapibus viverra est.</p>]]></description>
	</photo>
	
	<photo>
		<thumbnail>s_photo_020.jpg</thumbnail>
		<filename>photo_020.jpg</filename>
		<tooltip>Vivamus fermentum</tooltip>
		<description><![CDATA[<p class="subtitle">Vivamus fermentum</p><p><a href="http://www.flashmo.com/donate" target="_blank">Mauris vestibulum felis</a> eget tortor. <b>Praesent</b> mattis varius quam. Nunc eget urna. Mauris vestibulum felis eget tortor. Praesent mattis varius quam. Vestibulum ullamcorper ipsum nec augue. Vestibulum auctor odio eget ante. Nunc commodo, magna pharetra semper vehicula, dui ligula feugiat elit, et euismod nunc orci ut libero.</p>]]></description>
	</photo>
	
	<photo>
		<thumbnail>s_photo_010.jpg</thumbnail>
		<filename>photo_010.jpg</filename>
		<tooltip>Etiam sodales massa</tooltip>
		<description><![CDATA[<p class="subtitle">Etiam sodales massa</p><p><a href="http://www.flashmo.com/donate" target="_blank">Fusce quis diam sit</a> amet tortor luctus pellentesque. <b>Vivamus fermentum</b> orci viverra nisl. In nec magna id ipsum aliquam dictum. Donec euismod enim et risus.</p><p><span class="note">This textfield supports HTML and CSS.</span></p>]]></description>
	</photo>

	<photo>
		<thumbnail>s_photo_011.jpg</thumbnail>
		<filename>photo_011.jpg</filename>
		<tooltip>Etiam fringilla</tooltip>
		<description><![CDATA[<p class="subtitle">Etiam fringilla vestibulum</p><p>In velit urna, <u>convallis id</u>, pharetra in, iaculis sit amet, mi. Praesent consectetur imperdiet mauris. Suspendisse at pede vel lorem pulvinar laoreet. Etiam et neque. Donec dapibus viverra est.</p><p><span class="note">This text is dynamically loaded from the external XML file. This textfield supports HTML and CSS.</span></p>]]></description>
	</photo>
	
	<photo>
		<thumbnail>s_photo_012.jpg</thumbnail>
		<filename>photo_012.jpg</filename>
		<tooltip>Cum sociis natoque</tooltip>
		<description><![CDATA[<p class="subtitle">Cum sociis natoque penatibus</p><p><a href="http://www.flashmo.com/donate" target="_blank">Mauris vestibulum felis</a> eget tortor. Praesent mattis varius quam. Vestibulum ullamcorper ipsum nec augue. Vestibulum auctor odio eget ante. Nunc commodo, magna pharetra semper vehicula, dui ligula feugiat elit, et euismod nunc orci ut libero. <span class="note">Etiam sodales massa vel metus. Mauris et elit quis mauris aliquet luctus.</span></p>]]></description>
	</photo>
	
	<photo>
		<thumbnail>s_photo_013.jpg</thumbnail>
		<filename>photo_013.jpg</filename>
		<tooltip>Fusce non lacus</tooltip>
		<description><![CDATA[<p class="subtitle">Fusce non lacus</p><p>Nunc aliquam, dolor vitae sollicitudin lacinia, nibh orci sagittis diam, dignissim sodales dui erat nec eros. <a href="http://www.flashmo.com" target="_parent">Aenean eleifend</a>, neque hendrerit elementum sodales, odio erat sagittis quam, sed tempor orci magna vitae tellus. Lorem ipsum dolor sit. Fusce quis enim.</p><p><span class="note">Quisque nec nisl. Nam scelerisque cursus dolor.</span></p>]]></description>
	</photo>
	
	<photo>
		<thumbnail>s_photo_014.jpg</thumbnail>
		<filename>photo_014.jpg</filename>
		<tooltip>Praesent consectetur</tooltip>
		<description><![CDATA[<p class="subtitle">Praesent consectetur imperdiet</p><p>In velit urna, convallis id, pharetra in, iaculis sit amet, mi. Praesent consectetur imperdiet mauris. Suspendisse at pede vel lorem pulvinar laoreet. Etiam et neque. <a href="http://www.flashmo.com" target="_parent">Donec dapibus</a> viverra est. Nam lorem tortor, viverra gravida, egestas id, pellentesque in, mi. Praesent consectetur imperdiet mauris. <span class="note">Suspendisse at nisi nec diam pretium tincidunt.</span></p>]]></description>
	</photo>
	
	<photo>
		<thumbnail>s_photo_015.jpg</thumbnail>
		<filename>photo_015.jpg</filename>
		<tooltip>Morbi nec magna</tooltip>
		<description><![CDATA[<p class="subtitle">Morbi nec magna pulvinar</p><p>Lorem ipsum dolor sit amet, consectetur adipiscing elit. <span class="highlight">Quisque at ante sit amet</span> erat laoreet <u>fermentum</u>. Quisque nec nisl. Nam scelerisque cursus dolor. <a href="http://www.flashmo.com" target="_parent">Integer vel sapien quis</a> risus egestas suscipit. Nam lorem tortor, viverra gravida, egestas id, pellentesque in, mi.</p>]]></description>
	</photo>
	
</photos>