<?xml version="1.0" encoding="utf-8"?>
<photos>
	
	<config 
		show_tooltip="true"
		follow_mouse="false"
		drag_vertical="false"
		scroll_speed="2"
		fullscreen_button="true"
		folder="photos/"
		css_file="flashmo_210_style.css"
		tween_duration="0.6"
		grid_auto_align="true"
		grid_row="3"
		grid_column="4"
		horizontal_spacing="10"
		vertical_spacing="10"
		thumbnail_max_width="100"
		thumbnail_max_height="100"
		thumbnail_border_size="5"
		thumbnail_border_color="0xFFFFFF"
		photo_border_size="15"
		photo_border_color="0xFFFFFF">
	</config>
	
	<photo>
		<thumbnail>s_photo_001.jpg</thumbnail>
		<filename>photo_001.jpg</filename>
		<tooltip>Photo Title 01</tooltip>
		<description><![CDATA[<p class="subtitle">Photo Title 01 goes here</p><p><a href="http://www.flashmo.com" target="_parent">Lorem ipsum dolor sit amet</a>, consectetur adipiscing elit. <span class="highlight">Quisque at ante sit amet</span> erat laoreet <u>fermentum</u>. Quisque nec nisl. Nam scelerisque cursus dolor. Duis nulla diam, posuere ac, varius id, ullamcorper sit amet, libero.</p><p><span class="note">This text is dynamically loaded from the external XML file. This textfield supports HTML and CSS.</span></p>]]></description>
	</photo>
	
	<photo>
		<thumbnail>s_photo_002.jpg</thumbnail>
		<filename>photo_002.jpg</filename>
		<tooltip>Photo Title 02</tooltip>
		<description><![CDATA[<p class="subtitle">Photo Title 02 goes here</p><p><a href="http://www.flashmo.com/donate" target="_blank">Fusce quis diam sit</a> amet tortor luctus pellentesque. Donec accumsan urna non elit tristique mattis. <b>Vivamus fermentum</b> orci viverra nisl. In nec magna id ipsum aliquam dictum. Quisque nec nisl.</p>]]></description>
	</photo>
	
	<photo>
		<thumbnail>s_photo_003.jpg</thumbnail>
		<filename>photo_003.jpg</filename>
		<tooltip>Photo Title 03</tooltip>
		<description><![CDATA[<p class="subtitle">Photo Title 03 goes here</p><p>In velit urna, <u>convallis id</u>, pharetra in, iaculis sit amet, mi. Praesent consectetur imperdiet mauris. Suspendisse at pede vel lorem pulvinar laoreet. Etiam et neque. Donec dapibus viverra est.</p><p><span class="note">This text is dynamically loaded from the external XML file. This textfield supports HTML and CSS.</span></p>]]></description>
	</photo>
	
	<photo>
		<thumbnail>s_photo_004.jpg</thumbnail>
		<filename>photo_004.jpg</filename>
		<tooltip>Photo Title 04</tooltip>
		<description><![CDATA[<p class="subtitle">Photo Title 04 goes here</p><p><a href="http://www.flashmo.com/donate" target="_blank">Mauris vestibulum felis</a> eget tortor. Praesent mattis varius quam. Vestibulum ullamcorper ipsum nec augue. Vestibulum auctor odio eget ante. Nunc commodo, magna pharetra semper vehicula, dui ligula feugiat elit, et euismod nunc orci ut libero. Etiam sodales massa vel metus. <span class="note">Mauris et elit quis mauris aliquet luctus.</span></p>]]></description>
	</photo>
	
	<photo>
		<thumbnail>s_photo_005.jpg</thumbnail>
		<filename>photo_005.jpg</filename>
		<tooltip>Photo Title 05</tooltip>
		<description><![CDATA[<p class="subtitle">Photo Title 05 goes here</p><p>Nunc aliquam, dolor vitae sollicitudin lacinia, nibh orci sagittis diam, dignissim sodales dui erat nec eros. Fusce quis enim. <a href="http://www.flashmo.com" target="_parent">Aenean eleifend</a>, neque hendrerit elementum sodales, , sed tempor vitae tellus.</p>]]></description>
	</photo>

	<photo>
		<thumbnail>s_photo_006.jpg</thumbnail>
		<filename>photo_006.jpg</filename>
		<tooltip>Photo Title 06</tooltip>
		<description><![CDATA[<p class="subtitle">Photo Title 06 goes here</p><p>Praesent consectetur imperdiet mauris. Suspendisse at pede vel lorem pulvinar laoreet. <a href="http://www.flashmo.com" target="_parent">Donec dapibus</a> viverra est. Pellentesque elementum enim a augue in nisi.</p><p><span class="highlight">Nunc commodo, magna pharetra semper vehicula, dui ligula feugiat elit, et euismod nunc orci ut libero.</span></p>]]></description>
	</photo>
	
	<photo>
		<thumbnail>s_photo_007.jpg</thumbnail>
		<filename>photo_007.jpg</filename>
		<tooltip>Photo Title 07</tooltip>
		<description><![CDATA[<p class="subtitle">Photo Title 07 goes here</p><p>Lorem ipsum dolor sit amet, consectetur adipiscing elit. <span class="highlight">Quisque at ante sit amet</span> erat laoreet <u>fermentum</u>. Quisque nec nisl. Nam scelerisque cursus dolor. <a href="http://www.flashmo.com" target="_parent">Integer vel sapien quis</a> risus egestas suscipit. Nam lorem tortor, viverra gravida, egestas id, pellentesque in, mi. <span class="note">Suspendisse at nisi nec diam pretium tincidunt.</span></p>]]></description>
	</photo>
	
	<photo>
		<thumbnail>s_photo_008.jpg</thumbnail>
		<filename>photo_008.jpg</filename>
		<tooltip>Photo Title 08</tooltip>
		<description><![CDATA[<p class="subtitle">Photo Title 08 goes here</p><p><span class="highlight">Quisque at ante sit amet</span> erat laoreet <u>fermentum</u>. Quisque nec nisl. Nam scelerisque cursus dolor. <a href="http://www.flashmo.com" target="_blank">Integer vel sapien quis</a> risus egestas suscipit. Nam lorem tortor, viverra gravida, egestas id, pellentesque in, mi. Praesent consectetur imperdiet mauris. <span class="note">Suspendisse at nisi nec diam pretium tincidunt.</span></p>]]></description>
	</photo>
	
	<photo>
		<thumbnail>s_photo_009.jpg</thumbnail>
		<filename>photo_009.jpg</filename>
		<tooltip>Photo Title 09</tooltip>
		<description><![CDATA[<p class="subtitle">Photo Title 09 goes here</p><p><a href="http://www.flashmo.com" target="_parent">Lorem ipsum dolor sit amet</a>, consectetur adipiscing elit. <span class="highlight">Quisque at ante sit amet</span> erat laoreet <u>fermentum</u>. Etiam sit amet turpis. Duis nulla diam, posuere ac, varius id, ullamcorper sit amet, libero.</p><p><span class="note">This text is dynamically loaded from the external XML file. This textfield supports HTML and CSS.</span></p>]]></description>
	</photo>
	
	<photo>
		<thumbnail>s_photo_010.jpg</thumbnail>
		<filename>photo_010.jpg</filename>
		<tooltip>Photo Title 10</tooltip>
		<description><![CDATA[<p class="subtitle">Photo Title 10 goes here</p><p><a href="http://www.flashmo.com/donate" target="_blank">Fusce quis diam sit</a> amet tortor luctus pellentesque. <b>Vivamus fermentum</b> orci viverra nisl. In nec magna id ipsum aliquam dictum. Donec euismod enim et risus.</p><p><span class="note">This textfield supports HTML and CSS.</span></p>]]></description>
	</photo>

	<photo>
		<thumbnail>s_photo_011.jpg</thumbnail>
		<filename>photo_011.jpg</filename>
		<tooltip>Photo Title 11</tooltip>
		<description><![CDATA[<p class="subtitle">Photo Title 11 goes here</p><p>In velit urna, <u>convallis id</u>, pharetra in, iaculis sit amet, mi. Praesent consectetur imperdiet mauris. Suspendisse at pede vel lorem pulvinar laoreet. Etiam et neque. Donec dapibus viverra est.</p><p><span class="note">This text is dynamically loaded from the external XML file. This textfield supports HTML and CSS.</span></p>]]></description>
	</photo>
	
	<photo>
		<thumbnail>s_photo_012.jpg</thumbnail>
		<filename>photo_012.jpg</filename>
		<tooltip>Photo Title 12</tooltip>
		<description><![CDATA[<p class="subtitle">Photo Title 12 goes here</p><p><a href="http://www.flashmo.com/donate" target="_blank">Mauris vestibulum felis</a> eget tortor. Praesent mattis varius quam. Vestibulum ullamcorper ipsum nec augue. Vestibulum auctor odio eget ante. Nunc commodo, magna pharetra semper vehicula, dui ligula feugiat elit, et euismod nunc orci ut libero. <span class="note">Etiam sodales massa vel metus. Mauris et elit quis mauris aliquet luctus.</span></p>]]></description>
	</photo>
	
	<photo>
		<thumbnail>s_photo_013.jpg</thumbnail>
		<filename>photo_013.jpg</filename>
		<tooltip>Photo Title 13</tooltip>
		<description><![CDATA[<p class="subtitle">Photo Title 13 goes here</p><p>Nunc aliquam, dolor vitae sollicitudin lacinia, nibh orci sagittis diam, dignissim sodales dui erat nec eros. <a href="http://www.flashmo.com" target="_parent">Aenean eleifend</a>, neque hendrerit elementum sodales, odio erat sagittis quam, sed tempor orci magna vitae tellus. Lorem ipsum dolor sit. Fusce quis enim.</p><p><span class="note">Quisque nec nisl. Nam scelerisque cursus dolor.</span></p>]]></description>
	</photo>
	
	<photo>
		<thumbnail>s_photo_014.jpg</thumbnail>
		<filename>photo_014.jpg</filename>
		<tooltip>Photo Title 14</tooltip>
		<description><![CDATA[<p class="subtitle">Photo Title 14 goes here</p><p>In velit urna, convallis id, pharetra in, iaculis sit amet, mi. Praesent consectetur imperdiet mauris. Suspendisse at pede vel lorem pulvinar laoreet. Etiam et neque. <a href="http://www.flashmo.com" target="_parent">Donec dapibus</a> viverra est. Nam lorem tortor, viverra gravida, egestas id, pellentesque in, mi. Praesent consectetur imperdiet mauris. <span class="note">Suspendisse at nisi nec diam pretium tincidunt.</span></p>]]></description>
	</photo>
	
	<photo>
		<thumbnail>s_photo_015.jpg</thumbnail>
		<filename>photo_015.jpg</filename>
		<tooltip>Photo Title 15</tooltip>
		<description><![CDATA[<p class="subtitle">Photo Title 15 goes here</p><p>Lorem ipsum dolor sit amet, consectetur adipiscing elit. <span class="highlight">Quisque at ante sit amet</span> erat laoreet <u>fermentum</u>. Quisque nec nisl. Nam scelerisque cursus dolor. <a href="http://www.flashmo.com" target="_parent">Integer vel sapien quis</a> risus egestas suscipit. Nam lorem tortor, viverra gravida, egestas id, pellentesque in, mi.</p>]]></description>
	</photo>

	<photo>
		<thumbnail>s_photo_016.jpg</thumbnail>
		<filename>photo_016.jpg</filename>
		<tooltip>Photo Title 16</tooltip>
		<description><![CDATA[<p class="subtitle">Photo Title 16 goes here</p><p><span class="highlight">Quisque at ante sit amet</span> erat laoreet <u>fermentum</u>. Quisque nec nisl. Nam scelerisque cursus dolor. <a href="http://www.flashmo.com" target="_blank">Integer vel sapien quis</a> risus egestas suscipit. Nam lorem tortor, viverra gravida, egestas id, pellentesque in, mi. This text is dynamically loaded from the external XML file. <span class="note">Suspendisse at nisi nec diam pretium tincidunt.</span></p>]]></description>
	</photo>
	
	<photo>
		<thumbnail>s_photo_017.jpg</thumbnail>
		<filename>photo_017.jpg</filename>
		<tooltip>Photo Title 17</tooltip>
		<description><![CDATA[<p class="subtitle">Photo Title 17 goes here</p><p><a href="http://www.flashmo.com" target="_parent">Lorem ipsum dolor sit amet</a>, consectetur adipiscing elit. <span class="highlight">Quisque at ante sit amet</span> erat laoreet <u>fermentum</u>. Quisque nec nisl. Nam scelerisque cursus dolor. Pellentesque elementum enim a augue. Donec in nisi. Etiam sit amet turpis. Duis nulla diam, posuere ac, varius id, ullamcorper sit amet, libero.</p>]]></description>
	</photo>
	
	<photo>
		<thumbnail>s_photo_018.jpg</thumbnail>
		<filename>photo_018.jpg</filename>
		<tooltip>Photo Title 18</tooltip>
		<description><![CDATA[<p class="subtitle">Photo Title 18 goes here</p><p><a href="http://www.flashmo.com/donate" target="_blank">Fusce quis diam sit</a> amet tortor luctus pellentesque. Donec accumsan urna non elit tristique mattis. <b>Vivamus fermentum</b> orci viverra nisl. In nec magna id ipsum aliquam dictum. Maecenas sodales pede eu massa. Fusce lacinia orci at nisi. This textfield supports HTML and CSS. <span class="note">Donec euismod enim et risus.</span></p>]]></description>
	</photo>
	
	<photo>
		<thumbnail>s_photo_019.jpg</thumbnail>
		<filename>photo_019.jpg</filename>
		<tooltip>Photo Title 19</tooltip>
		<description><![CDATA[<p class="subtitle">Photo Title 19 goes here</p><p>In velit urna, <u>convallis id</u>, pharetra in, iaculis sit amet, mi. Etiam et neque. Donec dapibus viverra est.</p>]]></description>
	</photo>
	
	<photo>
		<thumbnail>s_photo_020.jpg</thumbnail>
		<filename>photo_020.jpg</filename>
		<tooltip>Photo Title 20</tooltip>
		<description><![CDATA[<p class="subtitle">Photo Title 20 goes here</p><p><a href="http://www.flashmo.com/donate" target="_blank">Mauris vestibulum felis</a> eget tortor. <b>Praesent</b> mattis varius quam. Nunc eget urna. Mauris vestibulum felis eget tortor. Praesent mattis varius quam. Vestibulum ullamcorper ipsum nec augue. Vestibulum auctor odio eget ante. Nunc commodo, magna pharetra semper vehicula, dui ligula feugiat elit, et euismod nunc orci ut libero.</p>]]></description>
	</photo>
	
</photos>