﻿<?xml version="1.0" encoding="utf-8"?>
<photos>

	<config
		folder="photos/"
		show_tooltip="true"
		show_autoplay_button="true"
		autoplay="true"
		autoplay_duration="3"

		photo_width="900"
		photo_height="560"
		grid_row="4"
		grid_column="6"

		thumbnail_group_width="710"
		thumbnail_height="100"
		thumbnail_spacing="10"
		thumbnail_border_size="5"
		thumbnail_border_color="#FFFFFF"
		thumbnail_highlight_color="#CC3333"

		previous_button="true"
		next_button="true"
		
		description="true"
		description_bg_color="#000000"
		description_bg_alpha="0.5"
		css_file="flashmo_210_style.css"
		tween_duration="0.7"
		tween_delay="0.02">
	</config>
	
	<photo>
		<transition flow="out" direction="left" rotation="-90"></transition>
		<thumbnail>s_flashmo_900x560_01.jpg</thumbnail>
		<filename>flashmo_900x560_01.jpg</filename>
		<tooltip>Image Title 01</tooltip>
		<description><![CDATA[<p class="subtitle">Image Title 01 goes here</p><p><a href="http://www.flashmo.com/page/1" target="_parent">Lorem ipsum dolor sit amet</a>, consectetur adipiscing elit. <span class="highlight">Quisque at ante sit amet</span> erat laoreet <u>fermentum</u>. Nam scelerisque cursus dolor. Duis nulla diam, posuere ac, varius id, ullamcorper sit amet, libero. <span class="note">This text is dynamically loaded from the external XML file. This textfield supports HTML and CSS.</span></p>]]></description>
	</photo>
	
	<photo>
		<transition flow="in" direction="left"></transition>
		<thumbnail>s_flashmo_900x560_02.jpg</thumbnail>
		<filename>flashmo_900x560_02.jpg</filename>
		<tooltip>Image Title 02</tooltip>
		<description><![CDATA[<p class="subtitle">Image Title 02 goes here</p><p>Donec id semper sem. <a href="http://www.flashmo.com/donate" target="_blank">Fusce sollicitudin</a> viverra tristique. Phasellus auctor, ipsum eu semper cursus, magna odio ullamcorper eros, eget sodales lacus purus quis ipsum. Integer quis lacinia diam. Sed in mi metus, eget euismod dui. Etiam nec congue nunc.</p>]]></description>
	</photo>
	
	<photo>
		<transition flow="out" direction="right" rotation="90"></transition>
		<thumbnail>s_flashmo_900x560_03.jpg</thumbnail>
		<filename>flashmo_900x560_03.jpg</filename>
		<tooltip>Image Title 03</tooltip>
		<description><![CDATA[<p class="subtitle">Image Title 03 goes here</p><p>In velit urna, <u>convallis id</u>, pharetra in, iaculis sit amet, mi. Praesent consectetur imperdiet mauris. Suspendisse at pede vel lorem pulvinar laoreet. Etiam et neque. Donec dapibus viverra est.</p><p><span class="note">This text is dynamically loaded from the external XML file. This textfield supports HTML and CSS.</span></p>]]></description>
	</photo>
	
	<photo>
		<transition flow="in" direction="center"></transition>
		<thumbnail>s_flashmo_900x560_04.jpg</thumbnail>
		<filename>flashmo_900x560_04.jpg</filename>
		<tooltip>Image Title 04</tooltip>
		<description><![CDATA[<p class="subtitle">Image Title 04 goes here</p><p><a href="http://www.flashmo.com/page/1" target="_blank">Mauris vestibulum felis</a> eget tortor. Praesent mattis varius quam. Vestibulum ullamcorper ipsum nec augue. Nunc commodo, magna pharetra semper vehicula, dui ligula feugiat elit, et euismod nunc orci ut libero. <span class="note">Mauris et elit quis mauris aliquet luctus.</span></p>]]></description>
	</photo>
	
	<photo>
		<transition flow="out" direction="up"></transition>
		<thumbnail>s_flashmo_900x560_05.jpg</thumbnail>
		<filename>flashmo_900x560_05.jpg</filename>
		<tooltip>Image Title 05</tooltip>
		<description><![CDATA[<p class="subtitle">Image Title 05 goes here</p><p>Nunc aliquam, dolor vitae sollicitudin lacinia, nibh orci sagittis diam, dignissim sodales dui erat nec eros. Fusce quis enim. <a href="http://www.flashmo.com" target="_parent">Aenean eleifend</a>, neque hendrerit elementum sodales, sed tempor vitae tellus.</p>]]></description>
	</photo>

	<photo>
		<transition flow="in" direction="down"></transition>
		<thumbnail>s_flashmo_900x560_06.jpg</thumbnail>
		<filename>flashmo_900x560_06.jpg</filename>
		<tooltip>Image Title 06</tooltip>
		<description><![CDATA[<p class="subtitle">Image Title 06 goes here</p><p>Praesent consectetur imperdiet mauris. <a href="http://www.flashmo.com" target="_parent">Suspendisse at pede vel</a> lorem pulvinar laoreet. Pellentesque elementum enim a augue in nisi. <span class="highlight">Nunc commodo, magna pharetra semper vehicula, dui ligula feugiat elit, et euismod nunc orci ut libero.</span></p>]]></description>
	</photo>
	
	<photo>
		<transition flow="out" direction="down" rotation="180"></transition>
		<thumbnail>s_flashmo_900x560_07.jpg</thumbnail>
		<filename>flashmo_900x560_07.jpg</filename>
		<tooltip>Image Title 07</tooltip>
		<description><![CDATA[<p class="subtitle">Image Title 07 goes here</p><p>Lorem ipsum dolor sit amet, consectetur adipiscing elit. <span class="highlight">Quisque at ante sit amet</span> erat laoreet <u>fermentum</u>. Quisque nec nisl. <a href="http://www.flashmo.com/donate" target="_parent">Integer vel sapien quis</a> risus egestas suscipit. Aliquam at sagittis sapien. Duis volutpat pharetra tristique.</p>]]></description>
	</photo>
	
	<photo>
		<transition flow="in" direction="up"></transition>
		<thumbnail>s_flashmo_900x560_08.jpg</thumbnail>
		<filename>flashmo_900x560_08.jpg</filename>
		<tooltip>Image Title 08</tooltip>
		<description><![CDATA[<p class="subtitle">Image Title 08 goes here</p><p><span class="highlight">Quisque at ante sit amet</span> erat laoreet <u>fermentum</u>. Quisque nec nisl. <a href="http://www.flashmo.com/page/1" target="_blank">Nam scelerisque cursus dolor</a>. Integer vel sapien quis risus egestas suscipit. Nam lorem tortor, viverra gravida, egestas id, pellentesque in, mi. Praesent consectetur imperdiet mauris. <span class="highlight">Suspendisse at nisi nec diam pretium tincidunt.</span></p>]]></description>
	</photo>
	
	<photo>
		<transition flow="out" direction="center" rotation="-90"></transition>
		<thumbnail>s_flashmo_900x560_09.jpg</thumbnail>
		<filename>flashmo_900x560_09.jpg</filename>
		<tooltip>Image Title 09</tooltip>
		<description><![CDATA[<p class="subtitle">Image Title 09 goes here</p><p><a href="http://www.flashmo.com/donate" target="_parent">Lorem ipsum dolor sit amet</a>, consectetur adipiscing elit. <span class="highlight">Quisque at ante sit amet</span> erat laoreet <u>fermentum</u>. Quisque nec nisl. Nam scelerisque cursus dolor. Duis nulla diam, posuere ac, varius id, ullamcorper sit amet, libero.</p><p><span class="note">This text is dynamically loaded from the external XML file. This textfield supports HTML and CSS.</span></p>]]></description>
	</photo>
	
	<photo>
		<transition flow="out" direction="left" rotation="-180"></transition>
		<thumbnail>s_flashmo_900x560_10.jpg</thumbnail>
		<filename>flashmo_900x560_10.jpg</filename>
		<tooltip>Image Title 10</tooltip>
		<description><![CDATA[<p class="subtitle">Image Title 10 goes here</p><p><a href="http://www.flashmo.com/page/1" target="_blank">Fusce quis diam sit</a> amet tortor luctus pellentesque. Donec accumsan urna non elit tristique mattis. <b>Vivamus fermentum</b> orci viverra nisl. In nec magna id ipsum aliquam dictum. Quisque nec nisl.</p>]]></description>
	</photo>
	
	<photo>
		<transition flow="in" direction="right"></transition>
		<thumbnail>s_flashmo_900x560_11.jpg</thumbnail>
		<filename>flashmo_900x560_11.jpg</filename>
		<tooltip>Image Title 11</tooltip>
		<description><![CDATA[<p class="subtitle">Image Title 11 goes here</p><p>In velit urna, <u>convallis id</u>, pharetra in, iaculis sit amet, mi. Praesent consectetur imperdiet mauris. Suspendisse at pede vel lorem pulvinar laoreet. Etiam et neque. Donec dapibus viverra est.</p><p><span class="note">This text is dynamically loaded from the external XML file. This textfield supports HTML and CSS.</span></p>]]></description>
	</photo>
	
	<photo>
		<transition flow="out" direction="right" rotation="90"></transition>
		<thumbnail>s_flashmo_900x560_12.jpg</thumbnail>
		<filename>flashmo_900x560_12.jpg</filename>
		<tooltip>Image Title 12</tooltip>
		<description><![CDATA[<p class="subtitle">Image Title 12 goes here</p><p>Mauris vestibulum felis eget tortor. <a href="http://www.flashmo.com/page/1" target="_blank">Praesent mattis</a> varius quam. Vestibulum ullamcorper ipsum nec augue. Vestibulum auctor odio eget ante. Nunc commodo, magna pharetra semper vehicula, dui ligula feugiat elit, et euismod nunc orci ut libero.</p>]]></description>
		
	</photo>
	
	<photo>
		<transition flow="in" direction="up"></transition>
		<thumbnail>s_flashmo_900x560_13.jpg</thumbnail>
		<filename>flashmo_900x560_13.jpg</filename>
		<tooltip>Image Title 13</tooltip>
		<description><![CDATA[<p class="subtitle">Image Title 13 goes here</p><p>Sed enim dui, <a href="http://www.flashmo.com" target="_parent">interdum vitae cursus vitae</a>, laoreet non magna. Pellentesque habitant morbi tristique senectus et netus et malesuada fames ac turpis egestas. In nec tellus sed purus ornare faucibus. Duis risus erat, vulputate id placerat quis, ullamcorper vitae libero.</p>]]></description>
	</photo>

	<photo>
		<transition flow="out" direction="center" rotation="90"></transition>
		<thumbnail>s_flashmo_900x560_14.jpg</thumbnail>
		<filename>flashmo_900x560_14.jpg</filename>
		<tooltip>Image Title 14</tooltip>
		<description><![CDATA[<p class="subtitle">Image Title 14 goes here</p><p>Praesent bibendum nulla sit amet turpis vehicula fringilla. <a href="http://www.flashmo.com" target="_parent">Duis rhoncus mollis magna</a>, vel pellentesque magna facilisis et. Donec consequat malesuada sollicitudin. Class aptent taciti sociosqu ad litora torquent per conubia nostra, per inceptos himenaeos.</p>]]></description>
	</photo>
	
</photos>