<?xml version="1.0" encoding="utf-8"?>
<photos>
	
	<config
		folder="photos/"

		thumbnail_black_white="false"
		thumbnail_alpha="1"
		thumbnail_x_spacing="20"
		thumbnail_y_spacing="20"
		max_thumbnail_width="100"
		max_thumbnail_height="100"
		thumbnail_border_size="5"
		thumbnail_border_color="#FFFFFF"
		no_of_rows="2"
		no_of_columns="5"
		
		photo_border_size="0"
		photo_border_color="#FFFFFF"
		close_button="false"
		previous_button="false"
		next_button="false"
		
		description="false"
		description_bg_color="#000000"
		description_bg_alpha="0.7"
		css_file="flashmo_210_style.css"
		
		tween_in_effect="easeOutBack"
		tween_out_effect="easeInBack"
		tween_duration="0.6"
		tween_delay="0.04"
		tween_distance="120"
		tween_rotation="0"
		tween_scale="0.4">
	</config>
	
	<photo>
		<thumbnail>s_photo_201.jpg</thumbnail>
		<filename>photo_201.jpg</filename>
		<description><![CDATA[<p class="subtitle">Image Title 01 goes here</p>]]></description>
	</photo>
	
	<photo>
		<thumbnail>s_photo_202.jpg</thumbnail>
		<filename>photo_202.jpg</filename>
		<description><![CDATA[<p class="subtitle">Image Title 02 goes here</p><p>Donec id semper sem. <a href="http://www.flashmo.com/donate" target="_blank">Fusce sollicitudin</a> viverra tristique. Phasellus auctor, ipsum eu semper cursus, magna odio ullamcorper eros, eget sodales lacus purus quis ipsum.</p>]]></description>
	</photo>
	
	<photo>
		<thumbnail>s_photo_203.jpg</thumbnail>
		<filename>photo_203.jpg</filename>
		<description><![CDATA[<p class="subtitle">Image Title 03 goes here</p>]]></description>
	</photo>
	
	<photo>
		<thumbnail>s_photo_204.jpg</thumbnail>
		<filename>photo_204.jpg</filename>
		<description><![CDATA[<p class="subtitle">Image Title 04 goes here</p>]]></description>
	</photo>
	
	<photo>
		<thumbnail>s_photo_205.jpg</thumbnail>
		<filename>photo_205.jpg</filename>
		<description><![CDATA[<p class="subtitle">Image Title 05 goes here</p>]]></description>
	</photo>
	
	<photo>
		<thumbnail>s_photo_206.jpg</thumbnail>
		<filename>photo_206.jpg</filename>
		<description><![CDATA[<p class="subtitle">Image Title 06 goes here</p><p><a href="http://www.flashmo.com" target="_parent">XML Image Gallery</a></p>]]></description>
	</photo>

	<photo>
		<thumbnail>s_photo_207.jpg</thumbnail>
		<filename>photo_207.jpg</filename>
		<description><![CDATA[<p class="subtitle">Image Title 07 goes here</p>]]></description>
	</photo>
	
	<photo>
		<thumbnail>s_photo_208.jpg</thumbnail>
		<filename>photo_208.jpg</filename>
		<description><![CDATA[<p class="subtitle">Image Title 08 goes here</p>]]></description>
	</photo>
	
	<photo>
		<thumbnail>s_photo_209.jpg</thumbnail>
		<filename>photo_209.jpg</filename>
		<description><![CDATA[<p class="subtitle">Image Title 09 goes here</p>]]></description>
	</photo>
	
	<photo>
		<thumbnail>s_photo_210.jpg</thumbnail>
		<filename>photo_210.jpg</filename>
		<description><![CDATA[<p class="subtitle">Image Title 10 goes here</p><p><a href="http://www.flashmo.com" target="_parent">XML Flash Templates</a></p>]]></description>
	</photo>
	
	<photo>
		<thumbnail>s_photo_211.jpg</thumbnail>
		<filename>photo_211.jpg</filename>
		<description><![CDATA[<p class="subtitle">Image Title 11 goes here</p>]]></description>
	</photo>
	
	<photo>
		<thumbnail>s_photo_212.jpg</thumbnail>
		<filename>photo_212.jpg</filename>
		<description><![CDATA[<p class="subtitle">Image Title 12 goes here</p>]]></description>
	</photo>
	
	<photo>
		<thumbnail>s_photo_213.jpg</thumbnail>
		<filename>photo_213.jpg</filename>
		<description><![CDATA[<p class="subtitle">Image Title 13 goes here</p>]]></description>
	</photo>
	
	<photo>
		<thumbnail>s_photo_214.jpg</thumbnail>
		<filename>photo_214.jpg</filename>
		<description><![CDATA[<p class="subtitle">Image Title 14 goes here</p><p><span class="note">Image generated by <a href="http://carvisualizer.plus360degrees.com" target="_blank">Car Visualizer (+360 degrees)</a></span></p>]]></description>
	</photo>
	
	<photo>
		<thumbnail>s_photo_215.jpg</thumbnail>
		<filename>photo_215.jpg</filename>
		<description><![CDATA[<p class="subtitle">Image Title 15 goes here</p><p><span class="note">Image generated by <a href="http://carvisualizer.plus360degrees.com" target="_blank">Car Visualizer (+360 degrees)</a></span></p>]]></description>
	</photo>
	
	<photo>
		<thumbnail>s_photo_216.jpg</thumbnail>
		<filename>photo_216.jpg</filename>
		<description><![CDATA[<p class="subtitle">Image Title 16 goes here</p><p><span class="note">Image generated by <a href="http://carvisualizer.plus360degrees.com" target="_blank">Car Visualizer (+360 degrees)</a></span></p>]]></description>
	</photo>
	
	<photo>
		<thumbnail>s_photo_217.jpg</thumbnail>
		<filename>photo_217.jpg</filename>
		<description><![CDATA[<p class="subtitle">Image Title 17 goes here</p><p><span class="note">Image generated by <a href="http://carvisualizer.plus360degrees.com" target="_blank">Car Visualizer (+360 degrees)</a></span></p>]]></description>
	</photo>
	
	<photo>
		<thumbnail>s_photo_218.jpg</thumbnail>
		<filename>photo_218.jpg</filename>
		<description><![CDATA[<p class="subtitle">Image Title 18 goes here</p><p><span class="note">Image generated by <a href="http://carvisualizer.plus360degrees.com" target="_blank">Car Visualizer (+360 degrees)</a></span></p>]]></description>
	</photo>
	
	<photo>
		<thumbnail>s_photo_219.jpg</thumbnail>
		<filename>photo_219.jpg</filename>
		<description><![CDATA[<p class="subtitle">Image Title 19 goes here</p><p><span class="note">Image generated by <a href="http://carvisualizer.plus360degrees.com" target="_blank">Car Visualizer (+360 degrees)</a></span></p>]]></description>
	</photo>
	
	<photo>
		<thumbnail>s_photo_220.jpg</thumbnail>
		<filename>photo_220.jpg</filename>
		<description><![CDATA[<p class="subtitle">Image Title 20 goes here</p><p><span class="note">Image generated by <a href="http://carvisualizer.plus360degrees.com" target="_blank">Car Visualizer (+360 degrees)</a></span></p>]]></description>
	</photo>
	
	<photo>
		<thumbnail>s_photo_221.jpg</thumbnail>
		<filename>photo_221.jpg</filename>
		<description><![CDATA[<p class="subtitle">Image Title 21 goes here</p><p><span class="note">Image generated by <a href="http://carvisualizer.plus360degrees.com" target="_blank">Car Visualizer (+360 degrees)</a></span></p>]]></description>
	</photo>
	
	<photo>
		<thumbnail>s_photo_222.jpg</thumbnail>
		<filename>photo_222.jpg</filename>
		<description><![CDATA[<p class="subtitle">Image Title 22 goes here</p><p><span class="note">Image generated by <a href="http://carvisualizer.plus360degrees.com" target="_blank">Car Visualizer (+360 degrees)</a></span></p>]]></description>
	</photo>
	
	<photo>
		<thumbnail>s_photo_223.jpg</thumbnail>
		<filename>photo_223.jpg</filename>
		<description><![CDATA[<p class="subtitle">Image Title 23 goes here</p><p><span class="note">Image generated by <a href="http://carvisualizer.plus360degrees.com" target="_blank">Car Visualizer (+360 degrees)</a></span></p>]]></description>
	</photo>
	
	<photo>
		<thumbnail>s_photo_224.jpg</thumbnail>
		<filename>photo_224.jpg</filename>
		<description><![CDATA[<p class="subtitle">Image Title 24 goes here</p><p><span class="note">Image generated by <a href="http://carvisualizer.plus360degrees.com" target="_blank">Car Visualizer (+360 degrees)</a></span></p>]]></description>
	</photo>
	
	<photo>
		<thumbnail>s_photo_225.jpg</thumbnail>
		<filename>photo_225.jpg</filename>
		<description><![CDATA[<p class="subtitle">Image Title 25 goes here</p>]]></description>
	</photo>
	
	<photo>
		<thumbnail>s_photo_226.jpg</thumbnail>
		<filename>photo_226.jpg</filename>
		<description><![CDATA[<p class="subtitle">Image Title 26 goes here</p>]]></description>
	</photo>
	
	<photo>
		<thumbnail>s_photo_227.jpg</thumbnail>
		<filename>photo_227.jpg</filename>
		<description><![CDATA[<p class="subtitle">Image Title 27 goes here</p><p><a href="http://www.flashmo.com" target="_parent">Free Flash Templates</a></p>]]></description>
	</photo>
	
	<photo>
		<thumbnail>s_photo_228.jpg</thumbnail>
		<filename>photo_228.jpg</filename>
		<description><![CDATA[<p class="subtitle">Image Title 28 goes here</p>]]></description>
	</photo>
	
	<photo>
		<thumbnail>s_photo_229.jpg</thumbnail>
		<filename>photo_229.jpg</filename>
		<description><![CDATA[<p class="subtitle">Image Title 29 goes here</p>]]></description>
	</photo>
	
	<photo>
		<thumbnail>s_photo_230.jpg</thumbnail>
		<filename>photo_230.jpg</filename>
		<description><![CDATA[<p class="subtitle">Image Title 30 goes here</p>]]></description>
	</photo>
	
	<photo>
		<thumbnail>s_photo_231.jpg</thumbnail>
		<filename>photo_231.jpg</filename>
		<description><![CDATA[<p class="subtitle">Image Title 31 goes here</p><p><a href="http://www.flashmo.com/page/1" target="_parent">Free Flash Templates</a></p>]]></description>
	</photo>
	
	<photo>
		<thumbnail>s_photo_232.jpg</thumbnail>
		<filename>photo_232.jpg</filename>
		<description><![CDATA[<p class="subtitle">Image Title 32 goes here</p>]]></description>
	</photo>
	
	<photo>
		<thumbnail>s_photo_233.jpg</thumbnail>
		<filename>photo_233.jpg</filename>
		<description><![CDATA[<p class="subtitle">Image Title 33 goes here</p>]]></description>
	</photo>
	
	<photo>
		<thumbnail>s_photo_234.jpg</thumbnail>
		<filename>photo_234.jpg</filename>
		<description><![CDATA[<p class="subtitle">Image Title 34 goes here</p>]]></description>
	</photo>
	
	<photo>
		<thumbnail>s_photo_235.jpg</thumbnail>
		<filename>photo_235.jpg</filename>
		<description><![CDATA[<p class="subtitle">Image Title 35 goes here</p><p><a href="http://www.flashmo.com" target="_parent">XML Image Gallery</a></p>]]></description>
	</photo>
	
	<photo>
		<thumbnail>s_photo_236.jpg</thumbnail>
		<filename>photo_236.jpg</filename>
		<description><![CDATA[<p class="subtitle">Image Title 36 goes here</p>]]></description>
	</photo>

</photos>