<?xml version="1.0" encoding="utf-8"?>
<photos>

	<config 
		auto_play="false" 
		auto_play_duration="3.6" 
		grid_row="3" 
		grid_column="4" 
		tween_duration="0.8" 
		tween_delay="0.05"
		stylesheet="flashmo_224_style.css" 
		bar_status="0">
	</config>
	
	<photo>
		<filename>photos/flashmo_600x400_01.jpg</filename>
		<description><![CDATA[<p class="subtitle">Photo title one goes here</p><p><a href="http://www.flashmo.com" target="_parent">Lorem ipsum dolor sit amet</a>, consectetur adipiscing elit. <span class="note">This text is dynamically loaded from the external XML file. This textfield supports HTML and CSS.</span></p>]]></description>
		<transition flow="out" direction="left"></transition>
	</photo>
	<photo>
		<filename>photos/flashmo_600x400_02.jpg</filename>
		<description><![CDATA[<p class="subtitle">Photo title two goes here</p><p>Fusce quis diam sit amet tortor luctus pellentesque. <a href="http://www.flashmo.com/donate" target="_blank">Donec accumsan urna</a> non elit tristique mattis. <span class="note">Integer vestibulum luctus leo at iaculis.</span></p>]]></description>
		<transition flow="in" direction="right" rotation="180"></transition>
	</photo>
	<photo>
		<filename>photos/flashmo_600x400_03.jpg</filename>
		<description><![CDATA[<p class="subtitle">Photo title three goes here</p><p>In velit urna, <u>convallis id</u>, pharetra in, iaculis sit amet, mi. <span class="note">This text is dynamically loaded from the external XML file.</span></p>]]></description>
		<transition flow="out" direction="down"></transition>
	</photo>
	<photo>
		<filename>photos/flashmo_600x400_04.jpg</filename>
		<description><![CDATA[<p class="subtitle">Photo title four goes here</p><p><a href="http://www.flashmo.com" target="_blank">Mauris vestibulum felis</a> eget tortor. Praesent mattis varius quam. <span class="highlight">Vestibulum ullamcorper ipsum nec augue.</span></p>]]></description>
		<transition flow="in" direction="up"></transition>
	</photo>
	<photo>
		<filename>photos/flashmo_600x400_05.jpg</filename>
		<description><![CDATA[<p class="subtitle">Photo title five goes here</p><p>Fusce quis enim. <a href="http://www.flashmo.com" target="_parent">Aenean eleifend</a>, neque hendrerit elementum sodales, odio erat sagittis quam, sed tempor orci magna vitae tellus.</p>]]></description>
		<transition flow="out" direction="center" rotation="180"></transition>
	</photo>
	
</photos>