<?xml version="1.0" encoding="utf-8"?>
<photos>

	<config 
		auto_play="true" 
		auto_play_duration="2.4" 
		grid_row="4" 
		grid_column="6" 
		tween_duration="0.7" 
		tween_delay="0.02"
		stylesheet="flashmo_224_style.css" 
		bar_status="1">
	</config>
	
	<photo>
		<filename>photos/flashmo_940x400_01.jpg</filename>
		<description><![CDATA[<p class="subtitle">Photo title one goes here</p><p><a href="http://www.flashmo.com" target="_parent">Lorem ipsum dolor sit amet</a>, consectetur adipiscing elit. <span class="highlight">Quisque at ante sit amet</span> erat laoreet <u>fermentum</u>. Quisque nec nisl. Nam scelerisque cursus dolor. Donec in. <span class="note">This text is dynamically loaded from the external XML file. This textfield supports HTML and CSS.</span></p>]]></description>
		<transition flow="out" direction="left"></transition>
	</photo>
	<photo>
		<filename>photos/flashmo_940x400_02.jpg</filename>
		<description><![CDATA[<p class="subtitle">Photo title two goes here</p><p>Fusce quis diam sit amet tortor luctus pellentesque. <a href="http://www.flashmo.com/donate" target="_blank">Donec accumsan urna</a> non elit tristique mattis. <b>Vivamus fermentum</b> orci viverra nisl. Donec euismod enim et risus. <span class="note">Integer vestibulum luctus leo at iaculis. Nulla scelerisque sodales arcu elementum imperdiet.</span></p>]]></description>
		<transition flow="in" direction="left"></transition>
	</photo>
	<photo>
		<filename>photos/flashmo_940x400_03.jpg</filename>
		<description><![CDATA[<p class="subtitle">Photo title three goes here</p><p>In velit urna, <u>convallis id</u>, pharetra in, iaculis sit amet, mi. Praesent consectetur imperdiet mauris. Suspendisse at pede vel lorem pulvinar laoreet. Etiam et neque. <span class="note">This text is dynamically loaded from the external XML file. This textfield supports HTML and CSS.</span></p>]]></description>
		<transition flow="out" direction="right" rotation="90"></transition>
	</photo>
	<photo>
		<filename>photos/flashmo_940x400_04.jpg</filename>
		<description><![CDATA[<p class="subtitle">Photo title four goes here</p><p><a href="http://www.flashmo.com" target="_blank">Mauris vestibulum felis</a> eget tortor. Praesent mattis varius quam. Vestibulum ullamcorper ipsum nec augue. Vestibulum auctor odio eget ante. <span class="highlight">Nunc commodo, magna pharetra semper vehicula, dui ligula feugiat elit, et euismod nunc orci ut libero.</span></p>]]></description>
		<transition flow="in" direction="right"></transition>
	</photo>
	<photo>
		<filename>photos/flashmo_940x400_05.jpg</filename>
		<description><![CDATA[<p class="subtitle">Photo title five goes here</p><p>Nunc aliquam, dolor vitae sollicitudin lacinia, nibh orci sagittis diam, dignissim sodales dui erat nec eros. Fusce quis enim. <a href="http://www.flashmo.com" target="_parent">Aenean eleifend</a>, neque hendrerit elementum sodales, odio erat sagittis quam, sed tempor orci magna vitae tellus.</p>]]></description>
		<transition flow="out" direction="up"></transition>
	</photo>
	
	<photo>
		<filename>photos/flashmo_940x400_06.jpg</filename>
		<description><![CDATA[<p class="subtitle">Photo title six goes here</p><p>In velit urna, convallis id, pharetra in, iaculis sit amet, mi. Praesent consectetur imperdiet mauris. Suspendisse at pede vel lorem pulvinar laoreet. Etiam et neque. <a href="http://www.flashmo.com/donate" target="_parent">Donec dapibus</a> viverra est.</p>]]></description>
		<transition flow="in" direction="up" rotation="-180"></transition>
	</photo>
	<photo>
		<filename>photos/flashmo_940x400_07.jpg</filename>
		<description><![CDATA[<p class="subtitle">Photo title seven goes here</p><p>Lorem ipsum dolor sit amet, consectetur adipiscing elit. <span class="highlight">Quisque at ante sit amet</span> erat laoreet <u>fermentum</u>. <a href="http://www.flashmo.com" target="_parent">Integer vel sapien quis</a> risus egestas suscipit. Nam lorem tortor, pellentesque in, mi. <span class="note">Fusce lacinia orci at nisi. Suspendisse at nisi nec diam pretium tincidunt.</span></p>]]></description>
		<transition flow="out" direction="down"></transition>
	</photo>
	<photo>
		<filename>photos/flashmo_940x400_08.jpg</filename>
		<description><![CDATA[<p class="subtitle">Photo title eight goes here</p><p>Nunc aliquam, <a href="http://www.flashmo.com" target="_parent">dolor vitae sollicitudin</a> lacinia, nibh orci sagittis diam, dignissim sodales dui erat nec eros. Aenean eleifend, neque hendrerit.</p><p  class="note">This text is dynamically loaded from the external XML file. This textfield supports HTML and CSS.</p>]]></description>
		<transition flow="in" direction="down" rotation="180"></transition>
	</photo>
	<photo>
		<filename>photos/flashmo_940x400_09.jpg</filename>
		<description><![CDATA[<p class="subtitle">Photo title nine goes here</p><p>In velit urna, convallis id, pharetra in, iaculis sit amet, mi. <a href="http://www.flashmo.com/donate" target="_parent">Praesent consectetur</a> imperdiet mauris. Suspendisse at pede vel lorem pulvinar laoreet. Etiam et neque. Donec dapibus viverra est.</p>]]></description>
		<transition flow="out" direction="center" rotation="90"></transition>
	</photo>
	<photo>
		<filename>photos/flashmo_940x400_10.jpg</filename>
		<description><![CDATA[<p class="subtitle">Photo title ten goes here</p><p>Lorem ipsum dolor sit amet, consectetur adipiscing elit. <span class="highlight">Quisque at ante sit amet</span> erat laoreet <u>fermentum</u>. Quisque nec nisl. <a href="http://www.flashmo.com" target="_parent">Nam scelerisque cursus dolor</a>. Integer vel sapien quis risus egestas suscipit.</p>]]></description>
		<transition flow="in" direction="center" rotation="-90"></transition>
	</photo>
	
</photos>