<?xml version="1.0" encoding="utf-8"?>
<items>

	<item>
		<content><![CDATA[<span class="title">Page Six - Maecenas convallis dui felis</span> ]]></content>
	</item>
	
	<item> 
		<content><![CDATA[<a href="http://www.flashmo.com/preview/flashmo_218_s_shape" target="_parent" class="subtitle">Integer nec est ut metus hendrerit cursus</a>
<p align="justify">Donec scelerisque nisl faucibus est gravida ac pulvinar sapien porta. Mauris venenatis felis id sapien euismod sollicitudin. Morbi vestibulum feugiat massa at lobortis. Integer faucibus, arcu at vestibulum posuere, <a href="http://www.flashmo.com" target="_parent">lacus velit venenatis sem</a>, nec scelerisque lorem urna nec orci. Aenean id nisl nec tortor pellentesque lobortis. Nulla porta urna non arcu egestas cursus hendrerit lacus aliquet.
<span class="note">Aliquam semper blandit nisi eu blandit. Aliquam auctor luctus malesuada. Integer quam leo, fringilla vel porta in, eleifend sed ligula. Phasellus tempus sagittis nisi, pretium dignissim elit mattis eu.</span></p> ]]></content> 
	</item>
	
	<item> 
		<content><![CDATA[<a href="http://www.flashmo.com/preview/flashmo_217_v_shape" target="_parent" class="subtitle">Aliquam iaculis iaculis dui et adipiscing</a>
<p align="justify">Nam ullamcorper molestie ipsum vitae consectetur. In condimentum cursus erat, a adipiscing magna suscipit id. Ut ut mi eget lacus porttitor semper. Donec vitae dolor non nunc laoreet tristique sit amet nec nisl. Maecenas sem libero, ornare ac pretium at, accumsan et massa. Nullam orci nibh, luctus in tincidunt non, lobortis ut velit. 
<span class="note">Sed hendrerit nisl at mauris tincidunt iaculis. Sed blandit dignissim ligula ut interdum. Phasellus sem odio, ultrices sit amet luctus ut, convallis a mauris.</span></p> ]]></content> 
	</item>
	
	<item> 
		<content><![CDATA[<a href="http://www.flashmo.com/preview/flashmo_211_horizon_gallery" target="_parent" class="subtitle">Proin pretium velit in diam molestie</a>
<p align="justify">Quisque vel orci lacus. Vivamus elit arcu, lobortis et adipiscing sit amet, semper at sapien. Nunc aliquam blandit lacus, non suscipit nulla accumsan quis. <a href="http://www.flashmo.com" target="_parent">Pellentesque lacus est</a>, commodo et adipiscing quis, mollis vitae nulla. Fusce sit amet tellus vel nibh blandit cursus.
<span class="highlight">Morbi dui ipsum, pharetra ut dignissim vitae, pretium molestie ligula. Integer dictum iaculis imperdiet. Aliquam nec vehicula turpis. Quisque placerat dignissim ornare. Mauris lacinia consectetur sapien eget dictum.</span></p> ]]></content> 
	</item>
	
	<item> 
		<content><![CDATA[<a href="http://www.flashmo.com/preview/flashmo_210_carousel_gallery" target="_parent" class="subtitle">Maecenas convallis dui felis</a>
<p align="justify">Etiam id purus elit, et lobortis elit. In hac habitasse platea dictumst. Sed placerat nulla id urna volutpat vel suscipit ipsum eleifend. Nam quis metus sit amet ante scelerisque euismod eget vitae purus. <span class="highlight">Ut neque justo, eleifend in vulputate non, iaculis dapibus ligula.</span></p> ]]></content> 
	</item>
	
	<item> 
		<content><![CDATA[<a href="http://www.flashmo.com/preview/flashmo_208_horizontal" target="_parent" class="subtitle">Sed mollis augue ut massa mollis gravida</a>
<p align="justify">Morbi dui ipsum, pharetra ut dignissim vitae, pretium molestie ligula. Integer dictum iaculis imperdiet. Aliquam nec vehicula turpis. Quisque placerat dignissim ornare. Mauris lacinia consectetur sapien eget dictum. <span class="highlight">Nulla placerat mi vitae dolor mattis semper. In sit amet nisi justo. Aenean in mauris vitae nisi dignissim rhoncus. Nullam ultricies metus blandit ligula vulputate eget scelerisque est imperdiet.</span></p> ]]></content> 
	</item>
	
	<item> 
		<content><![CDATA[<a href="http://www.flashmo.com/preview/flashmo_205_stack_gallery" target="_parent" class="subtitle">Mauris vitae tempus diam</a>
<p align="justify">Phasellus vehicula ipsum id felis porta nec rutrum arcu egestas. Pellentesque habitant morbi tristique senectus et netus et malesuada fames ac turpis egestas. Pellentesque venenatis interdum pellentesque. Vivamus semper, orci ut consectetur facilisis, tellus justo tristique nulla, sit amet vulputate sapien tellus sit amet purus. Etiam tincidunt tellus sed magna gravida aliquam.
<span class="note">Fusce libero ante, <a href="http://www.flashmo.com" target="_parent">lobortis vel mollis dapibus</a>, pulvinar faucibus leo. Mauris tempus, tellus in sagittis interdum, mi leo blandit lacus, sit amet vehicula eros tortor eget est. Mauris et nisi odio. Proin sodales urna in massa tincidunt tempus.</span></p> ]]></content> 
	</item>
	
	<item> 
		<content><![CDATA[<a href="http://www.flashmo.com/preview/flashmo_202_motion_gallery" target="_parent" class="subtitle">Mauris in dolor in elit porttitor aliquam</a>
<p align="justify">Nullam facilisis, sapien sed fermentum commodo, risus odio lobortis arcu, id vehicula justo libero et urna. Maecenas sed dolor lacus, ac vulputate massa. Proin eu semper nisl. Ut diam erat, <a href="http://www.flashmo.com" target="_parent">scelerisque quis fermentum congue</a>, viverra pharetra purus. Integer ultricies quam in diam pellentesque at ultricies orci condimentum.</p> ]]></content> 
	</item>
	
	<item> 
		<content><![CDATA[<a href="http://www.flashmo.com/preview/flashmo_200_black_white" target="_parent" class="subtitle">Aenean id nisl nec tortor pellentesque</a>
<p align="justify">Phasellus sit amet nisl sed est luctus pulvinar ac ac magna. Morbi vestibulum, enim vel varius luctus, orci magna accumsan nibh, non laoreet nisl sem sit amet metus. Nunc faucibus, nibh vitae malesuada tempus, odio massa vehicula turpis, eu dictum metus nisi et enim.</p> ]]></content> 
	</item>
	
</items>