<?xml version="1.0" encoding="utf-8"?>
<thumbnails>
	<thumbnail filename="flashmo_128_elegant.jpg" url="http://www.flashmo.com/preview/flashmo_128_elegant" target="_parent" 
		title="Item No. 1 (128 elegant)" 
		description="Elegant Design - Flash website template, subpages for products, AS3 contact form" />
	<thumbnail filename="flashmo_127_curtain.jpg" url="http://www.flashmo.com/preview/flashmo_127_curtain" target="_parent" 
		title="Item No. 2 (127 curtain)" 
		description="Curtain template for making simple Flash websites including ActionScript 3 + PHP contact form" />
	<thumbnail filename="flashmo_126_envelope.jpg" url="http://www.flashmo.com/preview/flashmo_126_envelope" target="_parent" 
		title="Item No. 3 (126 envelope)" 
		description="Envelope Template with drag N drop Flash photo gallery, ActionScript 3.0" />
	<thumbnail filename="flashmo_125_girls.jpg" url="http://www.flashmo.com/preview/flashmo_125_girls" target="_blank" 
		title="Item No. 4 (125 girls)" 
		description="The Girls - Fashion Style Flash Template with a background music loop" />
	<thumbnail filename="flashmo_124_delicious.jpg" url="http://www.flashmo.com/preview/flashmo_124_delicious" target="_blank" 
		title="Item No. 5 (124 delicious)" 
		description="Delicious Food - Restaurant Template made in Flash CS3, ActionScript 3" />
	<thumbnail filename="flashmo_123_business.jpg" url="http://www.flashmo.com/preview/flashmo_123_business" target="_blank" 
		title="Item No. 6 (123 business)" 
		description="Business Template built on Flash ActionScript 3 including email contact form" />
	<thumbnail filename="flashmo_122_3d_curve_gallery.jpg" url="http://www.flashmo.com/preview/flashmo_122_3d_curve_gallery" target="_parent" 
		title="Item No. 7 (122 3d curve gallery)" 
		description="3D Curve Flash Photo Gallery using Papervision3D and XML" />
	<thumbnail filename="flashmo_121_3d_grid_gallery.jpg" url="http://www.flashmo.com/preview/flashmo_121_3d_grid_gallery" target="_parent" 
		title="Item No. 8 (121 3d grid gallery)" 
		description="3D Grid - Flash Photo Gallery using Papervision3D and XML" />
	<thumbnail filename="flashmo_120_artwork.jpg" url="http://www.flashmo.com/preview/flashmo_120_artwork" target="_parent" 
		title="Item No. 9 (120 artwork)" 
		description="Artwork Flash Website - Dynamic XML Gallery, Free Templates" />
	<thumbnail filename="flashmo_119_swimwear.jpg" url="http://www.flashmo.com/preview/flashmo_119_swimwear" target="_blank" 
		title="Item No. 10 (119 swimwear)" 
		description="Swimwear flash website, beautiful transition effects" />
	<thumbnail filename="flashmo_118_fashion_gallery.jpg" url="http://www.flashmo.com/preview/flashmo_118_fashion_gallery" target="_blank" 
		title="Item No. 11 (118 fashion gallery)" 
		description="Fashion Gallery - XML photo gallery for models, simple transitions, and contact form" />
	<thumbnail filename="flashmo_117_artistic.jpg" url="http://www.flashmo.com/preview/flashmo_117_artistic" target="_self" 
		title="Item No. 12 (117 artistic)" 
		description="Artistic flash website, XML product list, XML news scroller, flash contact form, smooth sliding transitions" />
	<thumbnail filename="flashmo_116_dream.jpg" url="http://www.flashmo.com/preview/flashmo_116_dream" target="_self" 
		title="Item No. 13 (116 dream)" 
		description="Dream Flash website, XML news list, subpages for services, email form" />
	<thumbnail filename="flashmo_116_pinky.jpg" url="http://www.flashmo.com/preview/flashmo_116_pinky" target="_self" 
		title="Item No. 14 (116 pinky)" 
		description="Pinky flash template, XML news list, subpages, contact form" />
	<thumbnail filename="flashmo_115_scroller.jpg" url="http://www.flashmo.com/preview/flashmo_115_scroller" target="_parent" 
		title="Item No. 15 (115 scroller)" 
		description="Flash XML Scroller for news and announcement section, product list, portfolio list" />
	<thumbnail filename="flashmo_114_horizontal_menu.jpg" url="http://www.flashmo.com/preview/flashmo_114_horizontal_menu" target="_parent" 
		title="Item No. 16 (114 horizontal menu)" 
		description="Flash XML horizontal menu, animated buttons, rollover effects" />
	<thumbnail filename="flashmo_113_vertical_menu.jpg" url="http://www.flashmo.com/preview/flashmo_113_vertical_menu" target="_parent" 
		title="Item No. 17 (113 vertical menu)" 
		description="Flash XML menu vertical - glossy menu, animated menu" />
	<thumbnail filename="flashmo_112_news_tab.jpg" url="http://www.flashmo.com/preview/flashmo_112_news_tab" target="_parent" 
		title="Item No. 18 (112 news tab)" 
		description="Flash XML news tab, news reader, number tabs, auto play" />
	<thumbnail filename="flashmo_111_butterfly_studio.jpg" url="http://www.flashmo.com/preview/flashmo_111_butterfly_studio" target="_parent" 
		title="Item No. 19 (111 butterfly studio)" 
		description="Butterfly studio flash template including subpages" />
	<thumbnail filename="flashmo_110_flower.jpg" url="http://www.flashmo.com/preview/flashmo_110_flower" target="_parent" 
		title="Item No. 20 (110 flower)" 
		description="Flower company template, rotating flower animation" />
	<thumbnail filename="flashmo_109_rectangular.jpg" url="http://www.flashmo.com/preview/flashmo_109_rectangular" target="_parent" 
		title="Item No. 21 (109 rectangular)" 
		description="Rectangular portfolio flash template with simple motion tweens" />
	<thumbnail filename="flashmo_108_studio.jpg" url="http://www.flashmo.com/preview/flashmo_108_studio" target="_parent" 
		title="Item No. 22 (108 studio)" 
		description="Studio template including XML portfolio list and flash email form" />
	<thumbnail filename="flashmo_107_slider.jpg" url="http://www.flashmo.com/preview/flashmo_107_slider" target="_parent" 
		title="Item No. 23 (107 slider)" 
		description="Flash XML Product Slider with auto play mode" />
	<thumbnail filename="flashmo_106_color_wave.jpg" url="http://www.flashmo.com/preview/flashmo_106_color_wave" target="_parent" 
		title="Item No. 24 (106 color wave)" 
		description="Color Wave Studio, flash portfolio template, email form" />
</thumbnails>